filename,class_label,anomaly_label,score
normal-A-T-10-Down-10-A1-0.png,0,0,0.016932081431150436
normal-A-T-10-Down-10-A1-19.png,0,0,0.013130299746990204
normal-A-T-10-Down-10-A1-3.png,0,0,0.020569078624248505
normal-A-T-10-Down-11-A1-11.png,0,0,0.019129911437630653
normal-A-T-10-Down-12-A1-1.png,0,0,0.02110203355550766
normal-A-T-10-Down-12-A1-13.png,0,0,0.03531587868928909
normal-A-T-10-Down-12-A1-4.png,0,0,0.124819815158844
normal-A-T-10-Down-12-A1-8.png,0,0,0.02131909504532814
normal-A-T-10-Down-13-A1-19.png,0,0,0.011884896084666252
normal-A-T-10-Down-14-A1-10.png,0,0,0.0340634249150753
normal-A-T-10-Down-14-A1-11.png,0,0,0.03435976430773735
normal-A-T-10-Down-14-A1-2.png,0,0,0.0165573637932539
normal-A-T-10-Down-14-A1-7.png,0,0,0.0352853462100029
normal-A-T-10-Down-14-A1-9.png,0,0,0.019642062485218048
normal-A-T-10-Down-15-A1-12.png,0,0,0.016416672617197037
normal-A-T-10-Down-15-A1-15.png,0,0,0.01675856113433838
normal-A-T-10-Down-15-A1-20.png,0,0,0.013664091937243938
normal-A-T-10-Down-15-A1-22.png,0,0,0.019513733685016632
normal-A-T-10-Down-15-A1-4.png,0,0,0.027300801128149033
normal-A-T-10-Down-15-A1-8.png,0,0,0.01378188282251358
normal-A-T-10-Down-16-A1-11.png,0,0,0.012673784047365189
normal-A-T-10-Down-17-A1-8.png,0,0,0.012606541626155376
normal-A-T-10-Down-18-A1-16.png,0,0,0.020348161458969116
normal-A-T-10-Down-19-A1-10.png,0,0,0.024278681725263596
normal-A-T-10-Down-19-A1-15.png,0,0,0.015434722416102886
normal-A-T-10-Down-2-A1-17.png,0,0,0.024516038596630096
normal-A-T-10-Down-2-A1-21.png,0,0,0.023425448685884476
normal-A-T-10-Down-20-A1-1.png,0,0,0.02142277918756008
normal-A-T-10-Down-20-A1-6.png,0,0,0.019945163279771805
normal-A-T-10-Down-21-A1-10.png,0,0,0.021809902042150497
normal-A-T-10-Down-21-A1-14.png,0,0,0.1340111792087555
normal-A-T-10-Down-21-A1-15.png,0,0,0.014211839064955711
normal-A-T-10-Down-21-A1-8.png,0,0,0.02432645484805107
normal-A-T-10-Down-22-A1-14.png,0,0,0.022419821470975876
normal-A-T-10-Down-22-A1-17.png,0,0,0.018786493688821793
normal-A-T-10-Down-23-A1-1.png,0,0,0.023409901186823845
normal-A-T-10-Down-23-A1-4.png,0,0,0.09088798612356186
normal-A-T-10-Down-23-A1-5.png,0,0,0.011679241433739662
normal-A-T-10-Down-24-A1-1.png,0,0,0.01992088556289673
normal-A-T-10-Down-24-A1-12.png,0,0,0.01348833553493023
normal-A-T-10-Down-24-A1-6.png,0,0,0.013180842623114586
normal-A-T-10-Down-3-A1-11.png,0,0,0.022523527964949608
normal-A-T-10-Down-3-A1-12.png,0,0,0.011212635785341263
normal-A-T-10-Down-3-A1-19.png,0,0,0.012632312253117561
normal-A-T-10-Down-3-A1-9.png,0,0,0.01279892772436142
normal-A-T-10-Down-4-A1-10.png,0,0,0.018843576312065125
normal-A-T-10-Down-4-A1-18.png,0,0,0.012063069269061089
normal-A-T-10-Down-4-A1-19.png,0,0,0.012859242036938667
normal-A-T-10-Down-4-A1-5.png,0,0,0.012315633706748486
normal-A-T-10-Down-5-A1-10.png,0,0,0.9967925548553467
normal-A-T-10-Down-5-A1-17.png,0,0,2.9510860443115234
normal-A-T-10-Down-5-A1-6.png,0,0,0.015989059582352638
normal-A-T-10-Down-54-A1-10.png,0,0,0.021976102143526077
normal-A-T-10-Down-54-A1-12.png,0,0,0.011349759064614773
normal-A-T-10-Down-54-A1-17.png,0,0,0.018138695508241653
normal-A-T-10-Down-55-A1-14.png,0,0,0.02535126358270645
normal-A-T-10-Down-55-A1-16.png,0,0,0.013944055885076523
normal-A-T-10-Down-56-A1-0.png,0,0,0.0247370433062315
normal-A-T-10-Down-56-A1-20.png,0,0,0.015055633150041103
normal-A-T-10-Down-56-A1-4.png,0,0,0.014039970003068447
normal-A-T-10-Down-57-A1-12.png,0,0,0.013205229304730892
normal-A-T-10-Down-58-A1-13.png,0,0,0.016895724460482597
normal-A-T-10-Down-58-A1-6.png,0,0,0.013178074732422829
normal-A-T-10-Down-58-A1-7.png,0,0,0.02585155889391899
normal-A-T-10-Down-59-A1-1.png,0,0,0.016142532229423523
normal-A-T-10-Down-59-A1-11.png,0,0,0.01637246087193489
normal-A-T-10-Down-6-A1-1.png,0,0,0.0191618911921978
normal-A-T-10-Down-6-A1-11.png,0,0,0.013840895146131516
normal-A-T-10-Down-60-A1-10.png,0,0,0.034696273505687714
normal-A-T-10-Down-61-A1-0.png,0,0,0.025244176387786865
normal-A-T-10-Down-61-A1-14.png,0,0,0.017855733633041382
normal-A-T-10-Down-61-A1-19.png,0,0,0.01176915317773819
normal-A-T-10-Down-62-A1-13.png,0,0,0.020488787442445755
normal-A-T-10-Down-62-A1-20.png,0,0,0.014332247897982597
normal-A-T-10-Down-62-A1-7.png,0,0,0.031222617253661156
normal-A-T-10-Down-62-A1-9.png,0,0,0.01762867346405983
normal-A-T-10-Down-63-A1-15.png,0,0,0.018766168504953384
normal-A-T-10-Down-64-A1-15.png,0,0,0.019247328862547874
normal-A-T-10-Down-64-A1-17.png,0,0,0.04056236520409584
normal-A-T-10-Down-64-A1-18.png,0,0,0.016400586813688278
normal-A-T-10-Down-65-A1-16.png,0,0,0.014952940866351128
normal-A-T-10-Down-65-A1-20.png,0,0,0.014893094077706337
normal-A-T-10-Down-65-A1-22.png,0,0,0.018920637667179108
normal-A-T-10-Down-66-A1-0.png,0,0,0.02987554483115673
normal-A-T-10-Down-66-A1-15.png,0,0,0.016888607293367386
normal-A-T-10-Down-66-A1-8.png,0,0,0.017199963331222534
normal-A-T-10-Down-68-A1-13.png,0,0,0.015416770242154598
normal-A-T-10-Down-69-A1-15.png,0,0,0.01490819826722145
normal-A-T-10-Down-7-A1-0.png,0,0,0.02077401429414749
normal-A-T-10-Down-7-A1-8.png,0,0,0.017347142100334167
normal-A-T-10-Down-70-A1-1.png,0,0,0.015004913322627544
normal-A-T-10-Down-70-A1-11.png,0,0,0.023847077041864395
normal-A-T-10-Down-70-A1-5.png,0,0,0.01049573253840208
normal-A-T-10-Down-71-A1-10.png,0,0,0.02395918220281601
normal-A-T-10-Down-72-A1-10.png,0,0,0.018052799627184868
normal-A-T-10-Down-72-A1-3.png,0,0,0.014086609706282616
normal-A-T-10-Down-72-A1-5.png,0,0,0.01060323603451252
normal-A-T-10-Down-73-A1-14.png,0,0,0.021315693855285645
normal-A-T-10-Down-73-A1-16.png,0,0,0.016160547733306885
normal-A-T-10-Down-73-A1-17.png,0,0,0.01490115374326706
normal-A-T-10-Down-73-A1-7.png,0,0,0.02746966853737831
normal-A-T-10-Down-74-A1-16.png,0,0,0.012629784643650055
normal-A-T-10-Down-74-A1-17.png,0,0,0.01769089885056019
normal-A-T-10-Down-74-A1-20.png,0,0,0.01297001913189888
normal-A-T-10-Down-75-A1-1.png,0,0,0.02391258254647255
normal-A-T-10-Down-75-A1-11.png,0,0,0.01735629141330719
normal-A-T-10-Down-75-A1-14.png,0,0,0.026432175189256668
normal-A-T-10-Down-75-A1-16.png,0,0,0.013270288705825806
normal-A-T-10-Down-75-A1-4.png,0,0,0.03336576744914055
normal-A-T-10-Down-75-A1-5.png,0,0,0.009576628915965557
normal-A-T-10-Down-76-A1-13.png,0,0,0.011730702593922615
normal-A-T-10-Down-76-A1-4.png,0,0,0.027247317135334015
normal-A-T-10-Down-8-A1-11.png,0,0,0.02369547449052334
normal-A-T-10-Down-8-A1-14.png,0,0,0.1415734589099884
normal-A-T-10-Down-8-A1-15.png,0,0,0.010234108194708824
normal-A-T-10-Down-9-A1-0.png,0,0,0.02592843770980835
normal-A-T-10-Down-9-A1-2.png,0,0,0.018866103142499924
normal-A-T-10-Down-9-A1-21.png,0,0,0.021660687401890755
normal-A-T-10-Down-9-A1-3.png,0,0,0.017024235799908638
normal-A-T-10-Down-9-A1-4.png,0,0,0.022670865058898926
normal-A-T-10-Down-9-A1-7.png,0,0,0.02817435935139656
normal-A-T-10-Up-10-A1-13.png,0,0,0.01571076735854149
normal-A-T-10-Up-10-A1-3.png,0,0,0.01628096029162407
normal-A-T-10-Up-11-A1-16.png,0,0,0.013287331908941269
normal-A-T-10-Up-11-A1-3.png,0,0,0.015042867511510849
normal-A-T-10-Up-11-A1-4.png,0,0,0.02248256653547287
normal-A-T-10-Up-11-A1-6.png,0,0,0.018168684095144272
normal-A-T-10-Up-11-A1-9.png,0,0,0.01730111800134182
normal-A-T-10-Up-12-A1-10.png,0,0,0.02480991929769516
normal-A-T-10-Up-12-A1-17.png,0,0,0.021208688616752625
normal-A-T-10-Up-12-A1-9.png,0,0,0.013893325813114643
normal-A-T-10-Up-13-A1-12.png,0,0,0.016123220324516296
normal-A-T-10-Up-13-A1-17.png,0,0,0.023303497582674026
normal-A-T-10-Up-13-A1-20.png,0,0,0.01695997826755047
normal-A-T-10-Up-13-A1-21.png,0,0,0.022629324346780777
normal-A-T-10-Up-14-A1-13.png,0,0,0.01669517159461975
normal-A-T-10-Up-14-A1-16.png,0,0,0.020482264459133148
normal-A-T-10-Up-14-A1-7.png,0,0,0.02685244381427765
normal-A-T-10-Up-15-A1-21.png,0,0,0.02264925092458725
normal-A-T-10-Up-16-A1-14.png,0,0,0.018422165885567665
normal-A-T-10-Up-16-A1-17.png,0,0,0.01963055320084095
normal-A-T-10-Up-16-A1-3.png,0,0,0.022711820900440216
normal-A-T-10-Up-18-A1-14.png,0,0,0.2025354504585266
normal-A-T-10-Up-18-A1-19.png,0,0,0.011358081363141537
normal-A-T-10-Up-19-A1-11.png,0,0,0.018719028681516647
normal-A-T-10-Up-19-A1-15.png,0,0,0.010448012501001358
normal-A-T-10-Up-2-A1-14.png,0,0,0.02284659817814827
normal-A-T-10-Up-2-A1-17.png,0,0,0.012187480926513672
normal-A-T-10-Up-2-A1-2.png,0,0,0.012230928055942059
normal-A-T-10-Up-2-A1-9.png,0,0,0.013284357264637947
normal-A-T-10-Up-20-A1-10.png,0,0,0.22046715021133423
normal-A-T-10-Up-20-A1-12.png,0,0,0.009210921823978424
normal-A-T-10-Up-20-A1-17.png,0,0,0.022653892636299133
normal-A-T-10-Up-20-A1-22.png,0,0,0.01974073424935341
normal-A-T-10-Up-20-A1-4.png,0,0,0.02636083960533142
normal-A-T-10-Up-20-A1-7.png,0,0,0.020662855356931686
normal-A-T-10-Up-20-A1-9.png,0,0,0.013572071678936481
normal-A-T-10-Up-21-A1-13.png,0,0,0.016425099223852158
normal-A-T-10-Up-21-A1-16.png,0,0,0.017591817304491997
normal-A-T-10-Up-21-A1-21.png,0,0,0.021166790276765823
normal-A-T-10-Up-21-A1-5.png,0,0,0.014530038461089134
normal-A-T-10-Up-22-A1-1.png,0,0,0.011566105298697948
normal-A-T-10-Up-22-A1-16.png,0,0,0.01548843178898096
normal-A-T-10-Up-23-A1-17.png,0,0,0.025354769080877304
normal-A-T-10-Up-23-A1-18.png,0,0,0.013984676450490952
normal-A-T-10-Up-23-A1-3.png,0,0,0.014351017773151398
normal-A-T-10-Up-24-A1-16.png,0,0,0.01736217737197876
normal-A-T-10-Up-24-A1-8.png,0,0,0.018624696880578995
normal-A-T-10-Up-3-A1-1.png,0,0,0.019458450376987457
normal-A-T-10-Up-3-A1-18.png,0,0,0.011123732663691044
normal-A-T-10-Up-3-A1-3.png,0,0,0.013684255070984364
normal-A-T-10-Up-4-A1-1.png,0,0,0.01898665353655815
normal-A-T-10-Up-4-A1-21.png,0,0,0.021964630112051964
normal-A-T-10-Up-4-A1-4.png,0,0,0.032272689044475555
normal-A-T-10-Up-5-A1-21.png,0,0,0.021021123975515366
normal-A-T-10-Up-5-A1-7.png,0,0,0.029854994267225266
normal-A-T-10-Up-54-A1-15.png,0,0,0.014900692738592625
normal-A-T-10-Up-54-A1-17.png,0,0,0.01668163202702999
normal-A-T-10-Up-54-A1-3.png,0,0,0.015160659328103065
normal-A-T-10-Up-55-A1-15.png,0,0,0.015133794397115707
normal-A-T-10-Up-55-A1-9.png,0,0,0.014897593297064304
normal-A-T-10-Up-56-A1-16.png,0,0,0.013152357190847397
normal-A-T-10-Up-57-A1-16.png,0,0,0.017040787264704704
normal-A-T-10-Up-57-A1-6.png,0,0,0.017668399959802628
normal-A-T-10-Up-57-A1-8.png,0,0,0.010744970291852951
normal-A-T-10-Up-58-A1-12.png,0,0,0.01135219819843769
normal-A-T-10-Up-58-A1-15.png,0,0,0.01344829797744751
normal-A-T-10-Up-58-A1-19.png,0,0,0.011864331550896168
normal-A-T-10-Up-59-A1-14.png,0,0,1.7563579082489014
normal-A-T-10-Up-6-A1-1.png,0,0,0.01415640115737915
normal-A-T-10-Up-6-A1-7.png,0,0,0.02477186545729637
normal-A-T-10-Up-61-A1-18.png,0,0,0.013239618390798569
normal-A-T-10-Up-61-A1-9.png,0,0,0.018164651468396187
normal-A-T-10-Up-62-A1-10.png,0,0,0.01813706010580063
normal-A-T-10-Up-62-A1-11.png,0,0,0.012154405936598778
normal-A-T-10-Up-62-A1-2.png,0,0,0.011186910793185234
normal-A-T-10-Up-62-A1-20.png,0,0,0.015013518743216991
normal-A-T-10-Up-62-A1-3.png,0,0,0.02824540063738823
normal-A-T-10-Up-62-A1-5.png,0,0,0.014588726684451103
normal-A-T-10-Up-62-A1-8.png,0,0,0.014444692991673946
normal-A-T-10-Up-63-A1-22.png,0,0,0.018887722864747047
normal-A-T-10-Up-63-A1-5.png,0,0,0.028736677020788193
normal-A-T-10-Up-64-A1-20.png,0,0,0.01612379588186741
normal-A-T-10-Up-64-A1-21.png,0,0,0.023254457861185074
normal-A-T-10-Up-65-A1-12.png,0,0,0.016256017610430717
normal-A-T-10-Up-66-A1-13.png,0,0,0.542195737361908
normal-A-T-10-Up-67-A1-16.png,0,0,0.018208906054496765
normal-A-T-10-Up-67-A1-19.png,0,0,0.012910153716802597
normal-A-T-10-Up-69-A1-3.png,0,0,0.022621504962444305
normal-A-T-10-Up-69-A1-6.png,0,0,0.023147927597165108
normal-A-T-10-Up-7-A1-15.png,0,0,0.01535128615796566
normal-A-T-10-Up-7-A1-19.png,0,0,0.010997282341122627
normal-A-T-10-Up-7-A1-4.png,0,0,0.05322878435254097
normal-A-T-10-Up-70-A1-12.png,0,0,0.009821578860282898
normal-A-T-10-Up-70-A1-2.png,0,0,0.01578843593597412
normal-A-T-10-Up-70-A1-20.png,0,0,0.015494070947170258
normal-A-T-10-Up-71-A1-12.png,0,0,0.009172441437840462
normal-A-T-10-Up-73-A1-11.png,0,0,0.03100438043475151
normal-A-T-10-Up-73-A1-5.png,0,0,0.013629453256726265
normal-A-T-10-Up-73-A1-6.png,0,0,0.017734315246343613
normal-A-T-10-Up-74-A1-1.png,0,0,0.01838136464357376
normal-A-T-10-Up-74-A1-20.png,0,0,0.015144318342208862
normal-A-T-10-Up-74-A1-7.png,0,0,0.034199900925159454
normal-A-T-10-Up-74-A1-8.png,0,0,0.017819155007600784
normal-A-T-10-Up-75-A1-15.png,0,0,0.013598569668829441
normal-A-T-10-Up-75-A1-19.png,0,0,0.01215733028948307
normal-A-T-10-Up-76-A1-19.png,0,0,0.012089112773537636
normal-A-T-10-Up-76-A1-4.png,0,0,0.04082341492176056
normal-A-T-10-Up-76-A1-7.png,0,0,0.025185514241456985
normal-A-T-10-Up-8-A1-15.png,0,0,0.016758186742663383
normal-A-T-10-Up-8-A1-16.png,0,0,0.02072766050696373
normal-A-T-10-Up-8-A1-17.png,0,0,0.015869593247771263
normal-A-T-10-Up-8-A1-8.png,0,0,0.012706003151834011
normal-A-T-100-Down-10-A1-1.png,0,0,0.010979559272527695
normal-A-T-100-Down-10-A1-3.png,0,0,0.041301753371953964
normal-A-T-100-Down-12-A1-1.png,0,0,0.009583048522472382
normal-A-T-100-Down-12-A1-3.png,0,0,0.026658210903406143
normal-A-T-100-Down-13-A1-1.png,0,0,0.01385170966386795
normal-A-T-100-Down-13-A1-3.png,0,0,0.026509784162044525
normal-A-T-100-Down-14-A1-4.png,0,0,0.018336523324251175
normal-A-T-100-Down-15-A1-0.png,0,0,0.01658468134701252
normal-A-T-100-Down-15-A1-4.png,0,0,0.018847424536943436
normal-A-T-100-Down-16-A1-4.png,0,0,0.01714448817074299
normal-A-T-100-Down-17-A1-1.png,0,0,0.010212748311460018
normal-A-T-100-Down-2-A1-1.png,0,0,0.010806526988744736
normal-A-T-100-Down-20-A1-3.png,0,0,0.027090154588222504
normal-A-T-100-Down-21-A1-1.png,0,0,0.0104286540299654
normal-A-T-100-Down-23-A1-3.png,0,0,0.018467778339982033
normal-A-T-100-Down-4-A1-1.png,0,0,0.014960851520299911
normal-A-T-100-Down-58-A1-1.png,0,0,0.010593091137707233
normal-A-T-100-Down-59-A1-2.png,0,0,0.01983901485800743
normal-A-T-100-Down-60-A1-1.png,0,0,0.00891280546784401
normal-A-T-100-Down-60-A1-4.png,0,0,0.01795877516269684
normal-A-T-100-Down-61-A1-1.png,0,0,0.010979540646076202
normal-A-T-100-Down-61-A1-4.png,0,0,0.018365370109677315
normal-A-T-100-Down-64-A1-0.png,0,0,0.013472158461809158
normal-A-T-100-Down-64-A1-1.png,0,0,0.009808485396206379
normal-A-T-100-Down-64-A1-4.png,0,0,0.01699620485305786
normal-A-T-100-Down-66-A1-3.png,0,0,0.026724977418780327
normal-A-T-100-Down-67-A1-0.png,0,0,0.015868041664361954
normal-A-T-100-Down-7-A1-2.png,0,0,0.02145521715283394
normal-A-T-100-Down-7-A1-4.png,0,0,0.016999155282974243
normal-A-T-100-Down-70-A1-0.png,0,0,0.019499430432915688
normal-A-T-100-Down-71-A1-2.png,0,0,0.01906338706612587
normal-A-T-100-Down-72-A1-1.png,0,0,0.009447979740798473
normal-A-T-100-Down-72-A1-4.png,0,0,0.019314799457788467
normal-A-T-100-Down-74-A1-2.png,0,0,0.02050880528986454
normal-A-T-100-Down-74-A1-4.png,0,0,0.0177295058965683
normal-A-T-100-Down-76-A1-3.png,0,0,0.015266207978129387
normal-A-T-100-Up-12-A1-2.png,0,0,0.018541108816862106
normal-A-T-100-Up-12-A1-4.png,0,0,0.016963021829724312
normal-A-T-100-Up-13-A1-0.png,0,0,0.017022553831338882
normal-A-T-100-Up-18-A1-2.png,0,0,0.022058075293898582
normal-A-T-100-Up-19-A1-2.png,0,0,0.021454529836773872
normal-A-T-100-Up-20-A1-4.png,0,0,0.01935386098921299
normal-A-T-100-Up-21-A1-2.png,0,0,0.020178936421871185
normal-A-T-100-Up-22-A1-3.png,0,0,0.015112846158444881
normal-A-T-100-Up-23-A1-4.png,0,0,0.018303241580724716
normal-A-T-100-Up-24-A1-4.png,0,0,0.01895628497004509
normal-A-T-100-Up-4-A1-4.png,0,0,0.01912357658147812
normal-A-T-100-Up-54-A1-3.png,0,0,0.017988748848438263
normal-A-T-100-Up-55-A1-2.png,0,0,0.018874038010835648
normal-A-T-100-Up-61-A1-0.png,0,0,0.015210599638521671
normal-A-T-100-Up-61-A1-2.png,0,0,0.018179502338171005
normal-A-T-100-Up-63-A1-4.png,0,0,0.019719943404197693
normal-A-T-100-Up-65-A1-0.png,0,0,0.016003739088773727
normal-A-T-100-Up-68-A1-0.png,0,0,0.01472289115190506
normal-A-T-100-Up-68-A1-3.png,0,0,0.021043578162789345
normal-A-T-100-Up-69-A1-1.png,0,0,0.011715923435986042
normal-A-T-100-Up-70-A1-3.png,0,0,0.01716831885278225
normal-A-T-100-Up-71-A1-4.png,0,0,0.019415955990552902
normal-A-T-100-Up-72-A1-2.png,0,0,0.022951561957597733
normal-A-T-100-Up-73-A1-3.png,0,0,0.015810750424861908
normal-A-T-100-Up-9-A1-0.png,0,0,0.011840484105050564
normal-A-T-15-Down-10-A1-13.png,0,0,0.02018892392516136
normal-A-T-15-Down-10-A1-2.png,0,0,0.0260881669819355
normal-A-T-15-Down-10-A1-7.png,0,0,0.023788485676050186
normal-A-T-15-Down-10-A1-9.png,0,0,0.029425429180264473
normal-A-T-15-Down-11-A1-13.png,0,0,0.018189838156104088
normal-A-T-15-Down-12-A1-0.png,0,0,0.023765405640006065
normal-A-T-15-Down-12-A1-1.png,0,0,0.020311180502176285
normal-A-T-15-Down-12-A1-14.png,0,0,0.019872009754180908
normal-A-T-15-Down-12-A1-6.png,0,0,0.028190335258841515
normal-A-T-15-Down-12-A1-8.png,0,0,0.054398275911808014
normal-A-T-15-Down-13-A1-2.png,0,0,0.03489985316991806
normal-A-T-15-Down-15-A1-0.png,0,0,0.018400412052869797
normal-A-T-15-Down-16-A1-12.png,0,0,0.012941526249051094
normal-A-T-15-Down-16-A1-4.png,0,0,0.07328151911497116
normal-A-T-15-Down-16-A1-5.png,0,0,0.038087181746959686
normal-A-T-15-Down-16-A1-6.png,0,0,0.01945393905043602
normal-A-T-15-Down-16-A1-8.png,0,0,0.02014843374490738
normal-A-T-15-Down-17-A1-11.png,0,0,0.01610250025987625
normal-A-T-15-Down-17-A1-13.png,0,0,0.016512427479028702
normal-A-T-15-Down-17-A1-9.png,0,0,0.026839258149266243
normal-A-T-15-Down-18-A1-0.png,0,0,0.016715193167328835
normal-A-T-15-Down-18-A1-10.png,0,0,0.022235030308365822
normal-A-T-15-Down-18-A1-11.png,0,0,0.015452781692147255
normal-A-T-15-Down-18-A1-8.png,0,0,0.038141392171382904
normal-A-T-15-Down-19-A1-10.png,0,0,0.021745920181274414
normal-A-T-15-Down-19-A1-6.png,0,0,0.02783345803618431
normal-A-T-15-Down-2-A1-12.png,0,0,0.013842320069670677
normal-A-T-15-Down-2-A1-15.png,0,0,0.020809903740882874
normal-A-T-15-Down-2-A1-4.png,0,0,0.016165273264050484
normal-A-T-15-Down-21-A1-13.png,0,0,0.01636493019759655
normal-A-T-15-Down-22-A1-13.png,0,0,0.01817559078335762
normal-A-T-15-Down-23-A1-13.png,0,0,0.018249589949846268
normal-A-T-15-Down-23-A1-14.png,0,0,0.02044704370200634
normal-A-T-15-Down-23-A1-5.png,0,0,0.0376192107796669
normal-A-T-15-Down-24-A1-10.png,0,0,0.013551922515034676
normal-A-T-15-Down-4-A1-0.png,0,0,0.013561751693487167
normal-A-T-15-Down-4-A1-11.png,0,0,0.016683686524629593
normal-A-T-15-Down-4-A1-14.png,0,0,0.019747423008084297
normal-A-T-15-Down-4-A1-8.png,0,0,0.028878899291157722
normal-A-T-15-Down-5-A1-0.png,0,0,0.019673936069011688
normal-A-T-15-Down-5-A1-10.png,0,0,0.02050042897462845
normal-A-T-15-Down-5-A1-14.png,0,0,0.01812056079506874
normal-A-T-15-Down-5-A1-15.png,0,0,0.019690262153744698
normal-A-T-15-Down-55-A1-13.png,0,0,0.021819766610860825
normal-A-T-15-Down-57-A1-1.png,0,0,0.013696248643100262
normal-A-T-15-Down-57-A1-2.png,0,0,0.016689343377947807
normal-A-T-15-Down-57-A1-4.png,0,0,0.019031144678592682
normal-A-T-15-Down-57-A1-7.png,0,0,0.025258872658014297
normal-A-T-15-Down-57-A1-9.png,0,0,0.02310030907392502
normal-A-T-15-Down-58-A1-10.png,0,0,0.017567019909620285
normal-A-T-15-Down-58-A1-14.png,0,0,0.017826270312070847
normal-A-T-15-Down-59-A1-13.png,0,0,0.02028721198439598
normal-A-T-15-Down-59-A1-14.png,0,0,0.017093241214752197
normal-A-T-15-Down-59-A1-8.png,0,0,0.023972121998667717
normal-A-T-15-Down-6-A1-12.png,0,0,0.010673882439732552
normal-A-T-15-Down-6-A1-5.png,0,0,0.01643548533320427
normal-A-T-15-Down-60-A1-1.png,0,0,0.02167893946170807
normal-A-T-15-Down-60-A1-10.png,0,0,0.018632004037499428
normal-A-T-15-Down-60-A1-8.png,0,0,0.022863581776618958
normal-A-T-15-Down-61-A1-3.png,0,0,0.016756348311901093
normal-A-T-15-Down-63-A1-3.png,0,0,0.02734503708779812
normal-A-T-15-Down-63-A1-7.png,0,0,0.020776476711034775
normal-A-T-15-Down-63-A1-8.png,0,0,0.023445190861821175
normal-A-T-15-Down-64-A1-14.png,0,0,0.020213518291711807
normal-A-T-15-Down-64-A1-3.png,0,0,0.022486083209514618
normal-A-T-15-Down-64-A1-6.png,0,0,0.02183327078819275
normal-A-T-15-Down-65-A1-5.png,0,0,0.03691110759973526
normal-A-T-15-Down-67-A1-1.png,0,0,0.02279800921678543
normal-A-T-15-Down-67-A1-2.png,0,0,0.031375668942928314
normal-A-T-15-Down-67-A1-7.png,0,0,0.021435344591736794
normal-A-T-15-Down-68-A1-0.png,0,0,0.01563350297510624
normal-A-T-15-Down-68-A1-5.png,0,0,0.024916259571909904
normal-A-T-15-Down-69-A1-7.png,0,0,0.018656302243471146
normal-A-T-15-Down-70-A1-1.png,0,0,0.019499724730849266
normal-A-T-15-Down-70-A1-13.png,0,0,0.014895046129822731
normal-A-T-15-Down-71-A1-10.png,0,0,0.024418547749519348
normal-A-T-15-Down-71-A1-5.png,0,0,0.025713233277201653
normal-A-T-15-Down-72-A1-13.png,0,0,0.0173118244856596
normal-A-T-15-Down-72-A1-14.png,0,0,0.01797523908317089
normal-A-T-15-Down-73-A1-14.png,0,0,0.0181727334856987
normal-A-T-15-Down-74-A1-1.png,0,0,0.014956032857298851
normal-A-T-15-Down-74-A1-10.png,0,0,0.015782814472913742
normal-A-T-15-Down-74-A1-13.png,0,0,0.018491635099053383
normal-A-T-15-Down-75-A1-0.png,0,0,0.014958756975829601
normal-A-T-15-Down-75-A1-15.png,0,0,0.01957574114203453
normal-A-T-15-Down-75-A1-3.png,0,0,0.022971544414758682
normal-A-T-15-Down-75-A1-8.png,0,0,0.04073868691921234
normal-A-T-15-Down-76-A1-10.png,0,0,0.015924083068966866
normal-A-T-15-Down-76-A1-4.png,0,0,0.020887665450572968
normal-A-T-15-Down-8-A1-15.png,0,0,0.019541991874575615
normal-A-T-15-Down-8-A1-2.png,0,0,0.021214738488197327
normal-A-T-15-Down-8-A1-7.png,0,0,0.032203126698732376
normal-A-T-15-Down-8-A1-8.png,0,0,0.028118394315242767
normal-A-T-15-Down-8-A1-9.png,0,0,0.03844689577817917
normal-A-T-15-Down-9-A1-14.png,0,0,0.018120598047971725
normal-A-T-15-Down-9-A1-2.png,0,0,0.02132396399974823
normal-A-T-15-Up-10-A1-11.png,0,0,0.015445759519934654
normal-A-T-15-Up-12-A1-6.png,0,0,0.02519400417804718
normal-A-T-15-Up-12-A1-8.png,0,0,0.020077308639883995
normal-A-T-15-Up-12-A1-9.png,0,0,0.026102662086486816
normal-A-T-15-Up-14-A1-0.png,0,0,0.02353764697909355
normal-A-T-15-Up-14-A1-3.png,0,0,0.020835215225815773
normal-A-T-15-Up-15-A1-1.png,0,0,0.02367623895406723
normal-A-T-15-Up-15-A1-2.png,0,0,0.026089288294315338
normal-A-T-15-Up-16-A1-14.png,0,0,0.017743339762091637
normal-A-T-15-Up-16-A1-2.png,0,0,0.017594855278730392
normal-A-T-15-Up-16-A1-3.png,0,0,0.019328821450471878
normal-A-T-15-Up-17-A1-1.png,0,0,0.020651910454034805
normal-A-T-15-Up-17-A1-5.png,0,0,0.026280194520950317
normal-A-T-15-Up-19-A1-12.png,0,0,0.011707102879881859
normal-A-T-15-Up-19-A1-2.png,0,0,0.02573390118777752
normal-A-T-15-Up-2-A1-10.png,0,0,0.014892254956066608
normal-A-T-15-Up-2-A1-2.png,0,0,0.013548707589507103
normal-A-T-15-Up-2-A1-5.png,0,0,0.024923957884311676
normal-A-T-15-Up-2-A1-7.png,0,0,0.018878528848290443
normal-A-T-15-Up-2-A1-9.png,0,0,0.010673626326024532
normal-A-T-15-Up-22-A1-6.png,0,0,0.030642159283161163
normal-A-T-15-Up-23-A1-14.png,0,0,0.019124507904052734
normal-A-T-15-Up-24-A1-7.png,0,0,0.01589597389101982
normal-A-T-15-Up-3-A1-11.png,0,0,0.012380685657262802
normal-A-T-15-Up-3-A1-2.png,0,0,0.015408013947308064
normal-A-T-15-Up-3-A1-3.png,0,0,0.024568837136030197
normal-A-T-15-Up-3-A1-9.png,0,0,0.010740268975496292
normal-A-T-15-Up-4-A1-5.png,0,0,0.026936035603284836
normal-A-T-15-Up-5-A1-15.png,0,0,0.019746385514736176
normal-A-T-15-Up-5-A1-9.png,0,0,0.014588028192520142
normal-A-T-15-Up-54-A1-0.png,0,0,0.01145625114440918
normal-A-T-15-Up-54-A1-7.png,0,0,0.01716884784400463
normal-A-T-15-Up-55-A1-11.png,0,0,0.015885889530181885
normal-A-T-15-Up-56-A1-1.png,0,0,0.016748759895563126
normal-A-T-15-Up-56-A1-10.png,0,0,0.016077211126685143
normal-A-T-15-Up-56-A1-3.png,0,0,0.021835068240761757
normal-A-T-15-Up-56-A1-4.png,0,0,0.01853068172931671
normal-A-T-15-Up-56-A1-8.png,0,0,0.018992366269230843
normal-A-T-15-Up-57-A1-4.png,0,0,0.02386878803372383
normal-A-T-15-Up-58-A1-2.png,0,0,0.014257596805691719
normal-A-T-15-Up-58-A1-6.png,0,0,0.017870943993330002
normal-A-T-15-Up-59-A1-11.png,0,0,0.020466994494199753
normal-A-T-15-Up-59-A1-14.png,0,0,0.01932777650654316
normal-A-T-15-Up-59-A1-2.png,0,0,0.02494334802031517
normal-A-T-15-Up-6-A1-13.png,0,0,0.017150843515992165
normal-A-T-15-Up-60-A1-11.png,0,0,0.02241896092891693
normal-A-T-15-Up-60-A1-5.png,0,0,0.04214928671717644
normal-A-T-15-Up-61-A1-11.png,0,0,0.01864454708993435
normal-A-T-15-Up-61-A1-8.png,0,0,0.020062018185853958
normal-A-T-15-Up-61-A1-9.png,0,0,0.027363251894712448
normal-A-T-15-Up-63-A1-12.png,0,0,0.012761583551764488
normal-A-T-15-Up-63-A1-8.png,0,0,0.029017526656389236
normal-A-T-15-Up-64-A1-8.png,0,0,0.029479946941137314
normal-A-T-15-Up-67-A1-12.png,0,0,0.011888955719769001
normal-A-T-15-Up-67-A1-15.png,0,0,0.019968286156654358
normal-A-T-15-Up-67-A1-6.png,0,0,0.028657427057623863
normal-A-T-15-Up-69-A1-15.png,0,0,0.020190801471471786
normal-A-T-15-Up-7-A1-14.png,0,0,0.016957631334662437
normal-A-T-15-Up-70-A1-6.png,0,0,0.029482349753379822
normal-A-T-15-Up-72-A1-12.png,0,0,0.011833462864160538
normal-A-T-15-Up-72-A1-14.png,0,0,0.020851928740739822
normal-A-T-15-Up-72-A1-6.png,0,0,0.018959734588861465
normal-A-T-15-Up-74-A1-10.png,0,0,0.02645660564303398
normal-A-T-15-Up-74-A1-6.png,0,0,0.019312553107738495
normal-A-T-15-Up-75-A1-0.png,0,0,0.017585091292858124
normal-A-T-15-Up-75-A1-11.png,0,0,0.02139262855052948
normal-A-T-15-Up-75-A1-13.png,0,0,0.02340906485915184
normal-A-T-15-Up-75-A1-2.png,0,0,0.021054178476333618
normal-A-T-15-Up-75-A1-5.png,0,0,0.028493504971265793
normal-A-T-15-Up-76-A1-10.png,0,0,0.021964076906442642
normal-A-T-15-Up-76-A1-13.png,0,0,0.022831909358501434
normal-A-T-15-Up-76-A1-7.png,0,0,0.0226618479937315
normal-A-T-15-Up-8-A1-12.png,0,0,0.01243484765291214
normal-A-T-15-Up-8-A1-8.png,0,0,0.028672553598880768
normal-A-T-15-Up-9-A1-11.png,0,0,0.019203249365091324
normal-A-T-15-Up-9-A1-13.png,0,0,0.016378143802285194
normal-A-T-15-Up-9-A1-5.png,0,0,0.03123343735933304
normal-A-T-15-Up-9-A1-8.png,0,0,0.02290228009223938
normal-A-T-20-Down-10-A1-0.png,0,0,0.014065679162740707
normal-A-T-20-Down-10-A1-1.png,0,0,0.02083766460418701
normal-A-T-20-Down-11-A1-0.png,0,0,0.017498508095741272
normal-A-T-20-Down-11-A1-8.png,0,0,0.016303759068250656
normal-A-T-20-Down-12-A1-7.png,0,0,0.019645024091005325
normal-A-T-20-Down-13-A1-2.png,0,0,0.0438406839966774
normal-A-T-20-Down-13-A1-6.png,0,0,0.025487937033176422
normal-A-T-20-Down-14-A1-1.png,0,0,0.019546937197446823
normal-A-T-20-Down-14-A1-10.png,0,0,0.0146139245480299
normal-A-T-20-Down-14-A1-5.png,0,0,0.04463517293334007
normal-A-T-20-Down-15-A1-3.png,0,0,0.019876981154084206
normal-A-T-20-Down-15-A1-6.png,0,0,0.03237554430961609
normal-A-T-20-Down-16-A1-2.png,0,0,0.017216579988598824
normal-A-T-20-Down-17-A1-1.png,0,0,0.020464571192860603
normal-A-T-20-Down-18-A1-1.png,0,0,0.01985018700361252
normal-A-T-20-Down-18-A1-4.png,0,0,0.01585962437093258
normal-A-T-20-Down-19-A1-1.png,0,0,0.022560937330126762
normal-A-T-20-Down-2-A1-11.png,0,0,0.017028354108333588
normal-A-T-20-Down-20-A1-10.png,0,0,0.014931639656424522
normal-A-T-20-Down-20-A1-2.png,0,0,1.3282558917999268
normal-A-T-20-Down-20-A1-6.png,0,0,3.2504184246063232
normal-A-T-20-Down-21-A1-1.png,0,0,0.03104768507182598
normal-A-T-20-Down-22-A1-12.png,0,0,0.018960848450660706
normal-A-T-20-Down-22-A1-2.png,0,0,0.0356450229883194
normal-A-T-20-Down-22-A1-3.png,0,0,0.02715020813047886
normal-A-T-20-Down-22-A1-9.png,0,0,0.010140065103769302
normal-A-T-20-Down-24-A1-2.png,0,0,0.028744040057063103
normal-A-T-20-Down-24-A1-3.png,0,0,0.025009963661432266
normal-A-T-20-Down-4-A1-12.png,0,0,0.019298993051052094
normal-A-T-20-Down-5-A1-12.png,0,0,0.01975760981440544
normal-A-T-20-Down-5-A1-4.png,0,0,0.061754025518894196
normal-A-T-20-Down-5-A1-9.png,0,0,0.014917926862835884
s1-A-T-30-Down-10-A1-0.png,1,1,0.016079861670732498
s1-A-T-30-Down-10-A1-1.png,1,1,0.02862497791647911
s1-A-T-30-Down-10-A1-2.png,1,1,0.0322612002491951
s1-A-T-30-Down-10-A1-3.png,1,1,0.03953346610069275
s1-A-T-30-Down-10-A1-4.png,1,1,0.021085532382130623
s1-A-T-30-Down-10-A1-5.png,1,1,0.023760121315717697
s1-A-T-30-Down-10-A1-6.png,1,1,0.016848046332597733
s1-A-T-30-Down-10-A1-7.png,1,1,0.01746179908514023
s1-A-T-30-Down-10-A1-8.png,1,1,0.021592838689684868
s1-A-T-30-Down-11-A1-0.png,1,1,0.025698315352201462
s1-A-T-30-Down-11-A1-1.png,1,1,0.023438388481736183
s1-A-T-30-Down-11-A1-2.png,1,1,0.025390779599547386
s1-A-T-30-Down-11-A1-3.png,1,1,0.027568910270929337
s1-A-T-30-Down-11-A1-4.png,1,1,0.02856614626944065
s1-A-T-30-Down-11-A1-5.png,1,1,0.019846651703119278
s1-A-T-30-Down-11-A1-6.png,1,1,0.016882041469216347
s1-A-T-30-Down-11-A1-7.png,1,1,0.01813254877924919
s1-A-T-30-Down-11-A1-8.png,1,1,0.021563151851296425
s1-A-T-30-Down-12-A1-0.png,1,1,0.03324497118592262
s1-A-T-30-Down-12-A1-1.png,1,1,0.030692920088768005
s1-A-T-30-Down-12-A1-2.png,1,1,0.29649466276168823
s1-A-T-30-Down-12-A1-3.png,1,1,0.04823591560125351
s1-A-T-30-Down-12-A1-4.png,1,1,0.06914137303829193
s1-A-T-30-Down-12-A1-5.png,1,1,0.02385578863322735
s1-A-T-30-Down-12-A1-6.png,1,1,0.016264263540506363
s1-A-T-30-Down-12-A1-7.png,1,1,0.01827595755457878
s1-A-T-30-Down-12-A1-8.png,1,1,0.02214214950799942
s1-A-T-30-Down-13-A1-0.png,1,1,0.026972012594342232
s1-A-T-30-Down-13-A1-1.png,1,1,0.04599587246775627
s1-A-T-30-Down-13-A1-2.png,1,1,0.3989969491958618
s1-A-T-30-Down-13-A1-3.png,1,1,0.36595702171325684
s1-A-T-30-Down-13-A1-4.png,1,1,0.10841987282037735
s1-A-T-30-Down-13-A1-5.png,1,1,0.018553100526332855
s1-A-T-30-Down-13-A1-6.png,1,1,0.017284229397773743
s1-A-T-30-Down-13-A1-7.png,1,1,0.017904475331306458
s1-A-T-30-Down-13-A1-8.png,1,1,0.022763540968298912
s1-A-T-30-Down-14-A1-0.png,1,1,0.02771681360900402
s1-A-T-30-Down-14-A1-1.png,1,1,0.4454860985279083
s1-A-T-30-Down-14-A1-2.png,1,1,0.0349985808134079
s1-A-T-30-Down-14-A1-3.png,1,1,0.8269752860069275
s1-A-T-30-Down-14-A1-4.png,1,1,0.03347636014223099
s1-A-T-30-Down-14-A1-5.png,1,1,0.020899426192045212
s1-A-T-30-Down-14-A1-6.png,1,1,0.01669185608625412
s1-A-T-30-Down-14-A1-7.png,1,1,0.01770690642297268
s1-A-T-30-Down-14-A1-8.png,1,1,0.023674264550209045
s1-A-T-30-Down-15-A1-0.png,1,1,0.018698804080486298
s1-A-T-30-Down-15-A1-1.png,1,1,0.026864860206842422
s1-A-T-30-Down-15-A1-2.png,1,1,0.02111757919192314
s1-A-T-30-Down-15-A1-3.png,1,1,0.02338130958378315
s1-A-T-30-Down-15-A1-4.png,1,1,0.014220824465155602
s1-A-T-30-Down-15-A1-5.png,1,1,0.016934359446167946
s1-A-T-30-Down-15-A1-6.png,1,1,0.01701105572283268
s1-A-T-30-Down-15-A1-7.png,1,1,0.017275232821702957
s1-A-T-30-Down-15-A1-8.png,1,1,0.024039605632424355
s1-A-T-30-Down-16-A1-0.png,1,1,0.016565095633268356
s1-A-T-30-Down-16-A1-1.png,1,1,0.03208374232053757
s1-A-T-30-Down-16-A1-2.png,1,1,0.01875763013958931
s1-A-T-30-Down-16-A1-3.png,1,1,0.02593327686190605
s1-A-T-30-Down-16-A1-4.png,1,1,0.024242637678980827
s1-A-T-30-Down-16-A1-5.png,1,1,0.011917240917682648
s1-A-T-30-Down-16-A1-6.png,1,1,0.016703519970178604
s1-A-T-30-Down-16-A1-7.png,1,1,0.016775231808423996
s1-A-T-30-Down-16-A1-8.png,1,1,0.02342614158987999
s1-A-T-30-Down-17-A1-0.png,1,1,0.019463198259472847
s1-A-T-30-Down-17-A1-1.png,1,1,0.02750292792916298
s1-A-T-30-Down-17-A1-2.png,1,1,0.033197540789842606
s1-A-T-30-Down-17-A1-3.png,1,1,0.030221085995435715
s1-A-T-30-Down-17-A1-4.png,1,1,0.022829927504062653
s1-A-T-30-Down-17-A1-5.png,1,1,0.013144092634320259
s1-A-T-30-Down-17-A1-6.png,1,1,0.01563708670437336
s1-A-T-30-Down-17-A1-7.png,1,1,0.01728803850710392
s1-A-T-30-Down-17-A1-8.png,1,1,0.023088527843356133
s1-A-T-30-Down-18-A1-0.png,1,1,0.018153032287955284
s1-A-T-30-Down-18-A1-1.png,1,1,0.01970634236931801
s1-A-T-30-Down-18-A1-2.png,1,1,0.02978554368019104
s1-A-T-30-Down-18-A1-3.png,1,1,0.02603108435869217
s1-A-T-30-Down-18-A1-4.png,1,1,0.025935474783182144
s1-A-T-30-Down-18-A1-5.png,1,1,0.014637614600360394
s1-A-T-30-Down-18-A1-6.png,1,1,0.015173234045505524
s1-A-T-30-Down-18-A1-7.png,1,1,0.01787452958524227
s1-A-T-30-Down-18-A1-8.png,1,1,0.02299860119819641
s1-A-T-30-Down-19-A1-0.png,1,1,0.017790604382753372
s1-A-T-30-Down-19-A1-1.png,1,1,0.019790060818195343
s1-A-T-30-Down-19-A1-2.png,1,1,0.024962104856967926
s1-A-T-30-Down-19-A1-3.png,1,1,0.020797990262508392
s1-A-T-30-Down-19-A1-4.png,1,1,0.0221339613199234
s1-A-T-30-Down-19-A1-5.png,1,1,0.017855286598205566
s1-A-T-30-Down-19-A1-6.png,1,1,0.015454273670911789
s1-A-T-30-Down-19-A1-7.png,1,1,0.01794135943055153
s1-A-T-30-Down-19-A1-8.png,1,1,0.023053111508488655
s1-A-T-30-Down-2-A1-0.png,1,1,0.014075901359319687
s1-A-T-30-Down-2-A1-1.png,1,1,0.016171108931303024
s1-A-T-30-Down-2-A1-2.png,1,1,0.02003883756697178
s1-A-T-30-Down-2-A1-3.png,1,1,0.02127866819500923
s1-A-T-30-Down-2-A1-4.png,1,1,0.25705477595329285
s1-A-T-30-Down-2-A1-5.png,1,1,0.2019803375005722
s1-A-T-30-Down-2-A1-6.png,1,1,0.01895299181342125
s1-A-T-30-Down-2-A1-7.png,1,1,0.02013680525124073
s1-A-T-30-Down-2-A1-8.png,1,1,0.03235241770744324
s1-A-T-30-Down-20-A1-0.png,1,1,0.027659140527248383
s1-A-T-30-Down-20-A1-1.png,1,1,0.04321809113025665
s1-A-T-30-Down-20-A1-2.png,1,1,0.033572807908058167
s1-A-T-30-Down-20-A1-3.png,1,1,0.037392355501651764
s1-A-T-30-Down-20-A1-4.png,1,1,0.02266874350607395
s1-A-T-30-Down-20-A1-5.png,1,1,0.011615416035056114
s1-A-T-30-Down-20-A1-6.png,1,1,0.017260869964957237
s1-A-T-30-Down-20-A1-7.png,1,1,0.017582353204488754
s1-A-T-30-Down-20-A1-8.png,1,1,0.0234144888818264
s1-A-T-30-Down-21-A1-0.png,1,1,0.02082335203886032
s1-A-T-30-Down-21-A1-1.png,1,1,0.03971695154905319
s1-A-T-30-Down-21-A1-2.png,1,1,0.026911059394478798
s1-A-T-30-Down-21-A1-3.png,1,1,0.03912835940718651
s1-A-T-30-Down-21-A1-4.png,1,1,0.02459722012281418
s1-A-T-30-Down-21-A1-5.png,1,1,0.011860931292176247
s1-A-T-30-Down-21-A1-6.png,1,1,0.0171602051705122
s1-A-T-30-Down-21-A1-7.png,1,1,0.017712268978357315
s1-A-T-30-Down-21-A1-8.png,1,1,0.023424962535500526
s1-A-T-30-Down-22-A1-0.png,1,1,0.02117891050875187
s1-A-T-30-Down-22-A1-1.png,1,1,0.03334181383252144
s1-A-T-30-Down-22-A1-2.png,1,1,0.024585265666246414
s1-A-T-30-Down-22-A1-3.png,1,1,0.02089335210621357
s1-A-T-30-Down-22-A1-4.png,1,1,0.015792321413755417
s1-A-T-30-Down-22-A1-5.png,1,1,0.011521779000759125
s1-A-T-30-Down-22-A1-6.png,1,1,0.01482593733817339
s1-A-T-30-Down-22-A1-7.png,1,1,0.01749788597226143
s1-A-T-30-Down-22-A1-8.png,1,1,0.028299570083618164
s1-A-T-30-Down-23-A1-0.png,1,1,0.020950697362422943
s1-A-T-30-Down-23-A1-1.png,1,1,0.025135725736618042
s1-A-T-30-Down-23-A1-2.png,1,1,0.022100534290075302
s1-A-T-30-Down-23-A1-3.png,1,1,0.020650113001465797
s1-A-T-30-Down-23-A1-4.png,1,1,0.01895950734615326
s1-A-T-30-Down-23-A1-5.png,1,1,0.010590402409434319
s1-A-T-30-Down-23-A1-6.png,1,1,0.01460628304630518
s1-A-T-30-Down-23-A1-7.png,1,1,0.01745481789112091
s1-A-T-30-Down-23-A1-8.png,1,1,0.029336418956518173
s1-A-T-30-Down-24-A1-0.png,1,1,0.020726287737488747
s1-A-T-30-Down-24-A1-1.png,1,1,0.02690800651907921
s1-A-T-30-Down-24-A1-2.png,1,1,0.020974623039364815
s1-A-T-30-Down-24-A1-3.png,1,1,0.0184614397585392
s1-A-T-30-Down-24-A1-4.png,1,1,0.01665959134697914
s1-A-T-30-Down-24-A1-5.png,1,1,0.012981084175407887
s1-A-T-30-Down-24-A1-6.png,1,1,0.015175147913396358
s1-A-T-30-Down-24-A1-7.png,1,1,0.018202733248472214
s1-A-T-30-Down-24-A1-8.png,1,1,0.03325251489877701
s1-A-T-30-Down-3-A1-0.png,1,1,0.013372236862778664
s1-A-T-30-Down-3-A1-1.png,1,1,0.01997203752398491
s1-A-T-30-Down-3-A1-2.png,1,1,0.020074419677257538
s1-A-T-30-Down-3-A1-3.png,1,1,0.02630041539669037
s1-A-T-30-Down-3-A1-4.png,1,1,0.1496482491493225
s1-A-T-30-Down-3-A1-5.png,1,1,0.020611904561519623
s1-A-T-30-Down-3-A1-6.png,1,1,0.017260564491152763
s1-A-T-30-Down-3-A1-7.png,1,1,0.01734945923089981
s1-A-T-30-Down-3-A1-8.png,1,1,0.026589028537273407
s1-A-T-30-Down-4-A1-0.png,1,1,0.013372327201068401
s1-A-T-30-Down-4-A1-1.png,1,1,0.016509372740983963
s1-A-T-30-Down-4-A1-2.png,1,1,0.019629474729299545
s1-A-T-30-Down-4-A1-3.png,1,1,0.03315109759569168
s1-A-T-30-Down-4-A1-4.png,1,1,0.06558172404766083
s1-A-T-30-Down-4-A1-5.png,1,1,0.017359916120767593
s1-A-T-30-Down-4-A1-6.png,1,1,0.016488950699567795
s1-A-T-30-Down-4-A1-7.png,1,1,0.01733848638832569
s1-A-T-30-Down-4-A1-8.png,1,1,0.02550572343170643
s1-A-T-30-Down-5-A1-0.png,1,1,0.022077254951000214
s1-A-T-30-Down-5-A1-1.png,1,1,0.022126976400613785
s1-A-T-30-Down-5-A1-2.png,1,1,0.027457281947135925
s1-A-T-30-Down-5-A1-3.png,1,1,0.02362571470439434
s1-A-T-30-Down-5-A1-4.png,1,1,0.03411003202199936
s1-A-T-30-Down-5-A1-5.png,1,1,0.017092620953917503
s1-A-T-30-Down-5-A1-6.png,1,1,0.01837826892733574
s1-A-T-30-Down-5-A1-7.png,1,1,0.017379816621541977
s1-A-T-30-Down-5-A1-8.png,1,1,0.022858750075101852
s1-A-T-30-Down-54-A1-0.png,1,1,0.01771378144621849
s1-A-T-30-Down-54-A1-1.png,1,1,0.012539610266685486
s1-A-T-30-Down-54-A1-2.png,1,1,0.08246184140443802
s1-A-T-30-Down-54-A1-3.png,1,1,0.01931218057870865
s1-A-T-30-Down-54-A1-4.png,1,1,3.244258403778076
s1-A-T-30-Down-54-A1-5.png,1,1,0.2053747922182083
s1-A-T-30-Down-54-A1-6.png,1,1,0.01678297109901905
s1-A-T-30-Down-54-A1-7.png,1,1,0.031852733343839645
s1-A-T-30-Down-54-A1-8.png,1,1,0.024426186457276344
s1-A-T-30-Down-55-A1-0.png,1,1,0.017857499420642853
s1-A-T-30-Down-55-A1-1.png,1,1,0.01594632863998413
s1-A-T-30-Down-55-A1-2.png,1,1,0.018912654370069504
s1-A-T-30-Down-55-A1-3.png,1,1,0.02302553318440914
s1-A-T-30-Down-55-A1-4.png,1,1,3.0295677185058594
s1-A-T-30-Down-55-A1-5.png,1,1,0.15503159165382385
s1-A-T-30-Down-55-A1-6.png,1,1,0.0182659775018692
s1-A-T-30-Down-55-A1-7.png,1,1,0.021977830678224564
s1-A-T-30-Down-55-A1-8.png,1,1,0.03269275650382042
s1-A-T-30-Down-56-A1-0.png,1,1,0.016781451180577278
s1-A-T-30-Down-56-A1-1.png,1,1,0.014818198047578335
s1-A-T-30-Down-56-A1-2.png,1,1,0.018101774156093597
s1-A-T-30-Down-56-A1-3.png,1,1,0.0192733071744442
s1-A-T-30-Down-56-A1-4.png,1,1,1.715301752090454
s1-A-T-30-Down-56-A1-5.png,1,1,0.09831546247005463
s1-A-T-30-Down-56-A1-6.png,1,1,0.01827145367860794
s1-A-T-30-Down-56-A1-7.png,1,1,0.02137480303645134
s1-A-T-30-Down-56-A1-8.png,1,1,0.0289507694542408
s1-A-T-30-Down-57-A1-0.png,1,1,0.019095994532108307
s1-A-T-30-Down-57-A1-1.png,1,1,0.01480884850025177
s1-A-T-30-Down-57-A1-2.png,1,1,0.02277732640504837
s1-A-T-30-Down-57-A1-3.png,1,1,0.030714113265275955
s1-A-T-30-Down-57-A1-4.png,1,1,0.01783752627670765
s1-A-T-30-Down-57-A1-5.png,1,1,0.01620515063405037
s1-A-T-30-Down-57-A1-6.png,1,1,0.01836642622947693
s1-A-T-30-Down-57-A1-7.png,1,1,0.018748372793197632
s1-A-T-30-Down-57-A1-8.png,1,1,0.027448469772934914
s1-A-T-30-Down-58-A1-0.png,1,1,0.01970236375927925
s1-A-T-30-Down-58-A1-1.png,1,1,0.015476679429411888
s1-A-T-30-Down-58-A1-2.png,1,1,0.01904977113008499
s1-A-T-30-Down-58-A1-3.png,1,1,0.021987807005643845
s1-A-T-30-Down-58-A1-4.png,1,1,0.013887075707316399
s1-A-T-30-Down-58-A1-5.png,1,1,0.012117154896259308
s1-A-T-30-Down-58-A1-6.png,1,1,0.01865064725279808
s1-A-T-30-Down-58-A1-7.png,1,1,0.018410492688417435
s1-A-T-30-Down-58-A1-8.png,1,1,0.028352824971079826
s1-A-T-30-Down-59-A1-0.png,1,1,0.02703140117228031
s1-A-T-30-Down-59-A1-1.png,1,1,0.024054856970906258
s1-A-T-30-Down-59-A1-2.png,1,1,0.03485770523548126
s1-A-T-30-Down-59-A1-3.png,1,1,0.030280020087957382
s1-A-T-30-Down-59-A1-4.png,1,1,0.03162115067243576
s1-A-T-30-Down-59-A1-5.png,1,1,0.0230118278414011
s1-A-T-30-Down-59-A1-6.png,1,1,0.016817018389701843
s1-A-T-30-Down-59-A1-7.png,1,1,0.01770690083503723
s1-A-T-30-Down-59-A1-8.png,1,1,0.03136005625128746
s1-A-T-30-Down-6-A1-0.png,1,1,0.01952747069299221
s1-A-T-30-Down-6-A1-1.png,1,1,0.0244956873357296
s1-A-T-30-Down-6-A1-2.png,1,1,0.030381208285689354
s1-A-T-30-Down-6-A1-3.png,1,1,0.019246164709329605
s1-A-T-30-Down-6-A1-4.png,1,1,0.03455580025911331
s1-A-T-30-Down-6-A1-5.png,1,1,0.017932051792740822
s1-A-T-30-Down-6-A1-6.png,1,1,0.017628494650125504
s1-A-T-30-Down-6-A1-7.png,1,1,0.017527662217617035
s1-A-T-30-Down-6-A1-8.png,1,1,0.02259097248315811
s1-A-T-30-Down-60-A1-0.png,1,1,0.028105806559324265
s1-A-T-30-Down-60-A1-1.png,1,1,0.021320128813385963
s1-A-T-30-Down-60-A1-2.png,1,1,0.03254501521587372
s1-A-T-30-Down-60-A1-3.png,1,1,0.027376718819141388
s1-A-T-30-Down-60-A1-4.png,1,1,0.035825543105602264
s1-A-T-30-Down-60-A1-5.png,1,1,0.025492511689662933
s1-A-T-30-Down-60-A1-6.png,1,1,0.0167305376380682
s1-A-T-30-Down-60-A1-7.png,1,1,0.017479468137025833
s1-A-T-30-Down-60-A1-8.png,1,1,0.03109942004084587
s1-A-T-30-Down-61-A1-0.png,1,1,0.027105510234832764
s1-A-T-30-Down-61-A1-1.png,1,1,0.024696489796042442
s1-A-T-30-Down-61-A1-2.png,1,1,0.03867363557219505
s1-A-T-30-Down-61-A1-3.png,1,1,0.02860262244939804
s1-A-T-30-Down-61-A1-4.png,1,1,0.15161526203155518
s1-A-T-30-Down-61-A1-5.png,1,1,0.07005979865789413
s1-A-T-30-Down-61-A1-6.png,1,1,0.016189785674214363
s1-A-T-30-Down-61-A1-7.png,1,1,0.017751425504684448
s1-A-T-30-Down-61-A1-8.png,1,1,0.027747228741645813
s1-A-T-30-Down-62-A1-0.png,1,1,0.02679312974214554
s1-A-T-30-Down-62-A1-1.png,1,1,0.021897336468100548
s1-A-T-30-Down-62-A1-2.png,1,1,0.12365403771400452
s1-A-T-30-Down-62-A1-3.png,1,1,0.5542542934417725
s1-A-T-30-Down-62-A1-4.png,1,1,1.0511462688446045
s1-A-T-30-Down-62-A1-5.png,1,1,0.030095361173152924
s1-A-T-30-Down-62-A1-6.png,1,1,0.017250951379537582
s1-A-T-30-Down-62-A1-7.png,1,1,0.017643526196479797
s1-A-T-30-Down-62-A1-8.png,1,1,0.0243032518774271
s1-A-T-30-Down-63-A1-0.png,1,1,0.013350906781852245
s1-A-T-30-Down-63-A1-1.png,1,1,0.02313220500946045
s1-A-T-30-Down-63-A1-2.png,1,1,0.02202923782169819
s1-A-T-30-Down-63-A1-3.png,1,1,0.026280922815203667
s1-A-T-30-Down-63-A1-4.png,1,1,0.023739878088235855
s1-A-T-30-Down-63-A1-5.png,1,1,0.020503699779510498
s1-A-T-30-Down-63-A1-6.png,1,1,0.015150998719036579
s1-A-T-30-Down-63-A1-7.png,1,1,0.01807979680597782
s1-A-T-30-Down-63-A1-8.png,1,1,0.022187504917383194
s1-A-T-30-Down-64-A1-0.png,1,1,0.01519617810845375
s1-A-T-30-Down-64-A1-1.png,1,1,0.013275455683469772
s1-A-T-30-Down-64-A1-2.png,1,1,0.021664302796125412
s1-A-T-30-Down-64-A1-3.png,1,1,0.02183089591562748
s1-A-T-30-Down-64-A1-4.png,1,1,0.019686821848154068
s1-A-T-30-Down-64-A1-5.png,1,1,0.017933890223503113
s1-A-T-30-Down-64-A1-6.png,1,1,0.015653567388653755
s1-A-T-30-Down-64-A1-7.png,1,1,0.01833101361989975
s1-A-T-30-Down-64-A1-8.png,1,1,0.0216652974486351
s1-A-T-30-Down-65-A1-0.png,1,1,0.020769640803337097
s1-A-T-30-Down-65-A1-1.png,1,1,0.026979196816682816
s1-A-T-30-Down-65-A1-2.png,1,1,0.02985457330942154
s1-A-T-30-Down-65-A1-3.png,1,1,0.03020208328962326
s1-A-T-30-Down-65-A1-4.png,1,1,0.03400557488203049
s1-A-T-30-Down-65-A1-5.png,1,1,0.019299902021884918
s1-A-T-30-Down-65-A1-6.png,1,1,0.016284707933664322
s1-A-T-30-Down-65-A1-7.png,1,1,0.017444103956222534
s1-A-T-30-Down-65-A1-8.png,1,1,0.021174326539039612
s1-A-T-30-Down-66-A1-0.png,1,1,0.021504979580640793
s1-A-T-30-Down-66-A1-1.png,1,1,0.025489110499620438
s1-A-T-30-Down-66-A1-2.png,1,1,0.03294409066438675
s1-A-T-30-Down-66-A1-3.png,1,1,0.03751801699399948
s1-A-T-30-Down-66-A1-4.png,1,1,0.031988099217414856
s1-A-T-30-Down-66-A1-5.png,1,1,0.017105385661125183
s1-A-T-30-Down-66-A1-6.png,1,1,0.015072047710418701
s1-A-T-30-Down-66-A1-7.png,1,1,0.01801183447241783
s1-A-T-30-Down-66-A1-8.png,1,1,0.021349187940359116
s1-A-T-30-Down-67-A1-0.png,1,1,0.021174445748329163
s1-A-T-30-Down-67-A1-1.png,1,1,0.016380105167627335
s1-A-T-30-Down-67-A1-2.png,1,1,0.022440101951360703
s1-A-T-30-Down-67-A1-3.png,1,1,0.018209565430879593
s1-A-T-30-Down-67-A1-4.png,1,1,0.016899608075618744
s1-A-T-30-Down-67-A1-5.png,1,1,0.01802775263786316
s1-A-T-30-Down-67-A1-6.png,1,1,0.017270779237151146
s1-A-T-30-Down-67-A1-7.png,1,1,0.017560333013534546
s1-A-T-30-Down-67-A1-8.png,1,1,0.021722646430134773
s1-A-T-30-Down-68-A1-0.png,1,1,0.02706468477845192
s1-A-T-30-Down-68-A1-1.png,1,1,0.3228873312473297
s1-A-T-30-Down-68-A1-2.png,1,1,0.02251671813428402
s1-A-T-30-Down-68-A1-3.png,1,1,0.030676523223519325
s1-A-T-30-Down-68-A1-4.png,1,1,0.011883757077157497
s1-A-T-30-Down-68-A1-5.png,1,1,0.011436941102147102
s1-A-T-30-Down-68-A1-6.png,1,1,0.014957815408706665
s1-A-T-30-Down-68-A1-7.png,1,1,0.018085259944200516
s1-A-T-30-Down-68-A1-8.png,1,1,0.02278490923345089
s1-A-T-30-Down-69-A1-0.png,1,1,0.017247091978788376
s1-A-T-30-Down-69-A1-1.png,1,1,0.022309526801109314
s1-A-T-30-Down-69-A1-2.png,1,1,0.024869780987501144
s1-A-T-30-Down-69-A1-3.png,1,1,0.024622173979878426
s1-A-T-30-Down-69-A1-4.png,1,1,0.015602828934788704
s1-A-T-30-Down-69-A1-5.png,1,1,0.022341493517160416
s1-A-T-30-Down-69-A1-6.png,1,1,0.01573418825864792
s1-A-T-30-Down-69-A1-7.png,1,1,0.0179060660302639
s1-A-T-30-Down-69-A1-8.png,1,1,0.0235869362950325
s1-A-T-30-Down-7-A1-0.png,1,1,0.021914847195148468
s1-A-T-30-Down-7-A1-1.png,1,1,0.017528606578707695
s1-A-T-30-Down-7-A1-2.png,1,1,0.036795519292354584
s1-A-T-30-Down-7-A1-3.png,1,1,0.034142449498176575
s1-A-T-30-Down-7-A1-4.png,1,1,0.023449569940567017
s1-A-T-30-Down-7-A1-5.png,1,1,0.013871867209672928
s1-A-T-30-Down-7-A1-6.png,1,1,0.016109557822346687
s1-A-T-30-Down-7-A1-7.png,1,1,0.017843855544924736
s1-A-T-30-Down-7-A1-8.png,1,1,0.02197183668613434
s1-A-T-30-Down-70-A1-0.png,1,1,0.02097257971763611
s1-A-T-30-Down-70-A1-1.png,1,1,0.02210339903831482
s1-A-T-30-Down-70-A1-2.png,1,1,0.0264437198638916
s1-A-T-30-Down-70-A1-3.png,1,1,0.01938861608505249
s1-A-T-30-Down-70-A1-4.png,1,1,0.012129029259085655
s1-A-T-30-Down-70-A1-5.png,1,1,0.022074250504374504
s1-A-T-30-Down-70-A1-6.png,1,1,0.016302000731229782
s1-A-T-30-Down-70-A1-7.png,1,1,0.017700083553791046
s1-A-T-30-Down-70-A1-8.png,1,1,0.02507101371884346
s1-A-T-30-Down-71-A1-0.png,1,1,0.01951473020017147
s1-A-T-30-Down-71-A1-1.png,1,1,0.025260621681809425
s1-A-T-30-Down-71-A1-2.png,1,1,0.02527456544339657
s1-A-T-30-Down-71-A1-3.png,1,1,0.01806378737092018
s1-A-T-30-Down-71-A1-4.png,1,1,0.014286728575825691
s1-A-T-30-Down-71-A1-5.png,1,1,0.022255608811974525
s1-A-T-30-Down-71-A1-6.png,1,1,0.016308587044477463
s1-A-T-30-Down-71-A1-7.png,1,1,0.01769406348466873
s1-A-T-30-Down-71-A1-8.png,1,1,0.025334548205137253
s1-A-T-30-Down-72-A1-0.png,1,1,0.029786165803670883
s1-A-T-30-Down-72-A1-1.png,1,1,0.034740328788757324
s1-A-T-30-Down-72-A1-2.png,1,1,0.03033287823200226
s1-A-T-30-Down-72-A1-3.png,1,1,0.018365653231739998
s1-A-T-30-Down-72-A1-4.png,1,1,0.011774798855185509
s1-A-T-30-Down-72-A1-5.png,1,1,0.01200000662356615
s1-A-T-30-Down-72-A1-6.png,1,1,0.018206186592578888
s1-A-T-30-Down-72-A1-7.png,1,1,0.017866963520646095
s1-A-T-30-Down-72-A1-8.png,1,1,0.02998586744070053
s1-A-T-30-Down-73-A1-0.png,1,1,0.033225588500499725
s1-A-T-30-Down-73-A1-1.png,1,1,0.07728031277656555
s1-A-T-30-Down-73-A1-2.png,1,1,0.044030964374542236
s1-A-T-30-Down-73-A1-3.png,1,1,0.029037777334451675
s1-A-T-30-Down-73-A1-4.png,1,1,0.010650068521499634
s1-A-T-30-Down-73-A1-5.png,1,1,0.011687763035297394
s1-A-T-30-Down-73-A1-6.png,1,1,0.018356233835220337
s1-A-T-30-Down-73-A1-7.png,1,1,0.018023241311311722
s1-A-T-30-Down-73-A1-8.png,1,1,0.030524130910634995
s1-A-T-30-Down-74-A1-0.png,1,1,6.97870397567749
s1-A-T-30-Down-74-A1-1.png,1,1,2.106227397918701
s1-A-T-30-Down-74-A1-2.png,1,1,1.8087799549102783
s1-A-T-30-Down-74-A1-3.png,1,1,0.03848008066415787
s1-A-T-30-Down-74-A1-4.png,1,1,0.012304664589464664
s1-A-T-30-Down-74-A1-5.png,1,1,0.013685336336493492
s1-A-T-30-Down-74-A1-6.png,1,1,0.01550593413412571
s1-A-T-30-Down-74-A1-7.png,1,1,0.02117418497800827
s1-A-T-30-Down-74-A1-8.png,1,1,0.026585254818201065
s1-A-T-30-Down-75-A1-0.png,1,1,2.469165563583374
s1-A-T-30-Down-75-A1-1.png,1,1,3.0920679569244385
s1-A-T-30-Down-75-A1-2.png,1,1,2.423341989517212
s1-A-T-30-Down-75-A1-3.png,1,1,0.055726729333400726
s1-A-T-30-Down-75-A1-4.png,1,1,0.012994111515581608
s1-A-T-30-Down-75-A1-5.png,1,1,0.013498051092028618
s1-A-T-30-Down-75-A1-6.png,1,1,0.015510699711740017
s1-A-T-30-Down-75-A1-7.png,1,1,0.022087354212999344
s1-A-T-30-Down-75-A1-8.png,1,1,0.02394946664571762
s1-A-T-30-Down-76-A1-0.png,1,1,0.03299904987215996
s1-A-T-30-Down-76-A1-1.png,1,1,4.901718616485596
s1-A-T-30-Down-76-A1-2.png,1,1,2.739962577819824
s1-A-T-30-Down-76-A1-3.png,1,1,0.025316758081316948
s1-A-T-30-Down-76-A1-4.png,1,1,0.010717879049479961
s1-A-T-30-Down-76-A1-5.png,1,1,0.01422352995723486
s1-A-T-30-Down-76-A1-6.png,1,1,0.01602383516728878
s1-A-T-30-Down-76-A1-7.png,1,1,0.02739272639155388
s1-A-T-30-Down-76-A1-8.png,1,1,0.030614349991083145
s1-A-T-30-Down-8-A1-0.png,1,1,0.022898048162460327
s1-A-T-30-Down-8-A1-1.png,1,1,0.016830693930387497
s1-A-T-30-Down-8-A1-2.png,1,1,0.03678126633167267
s1-A-T-30-Down-8-A1-3.png,1,1,0.03177487477660179
s1-A-T-30-Down-8-A1-4.png,1,1,0.023467885330319405
s1-A-T-30-Down-8-A1-5.png,1,1,0.016686800867319107
s1-A-T-30-Down-8-A1-6.png,1,1,0.015575982630252838
s1-A-T-30-Down-8-A1-7.png,1,1,0.0179023165255785
s1-A-T-30-Down-8-A1-8.png,1,1,0.021854374557733536
s1-A-T-30-Down-9-A1-0.png,1,1,0.020449044182896614
s1-A-T-30-Down-9-A1-1.png,1,1,0.013212895020842552
s1-A-T-30-Down-9-A1-2.png,1,1,0.01941789872944355
s1-A-T-30-Down-9-A1-3.png,1,1,0.02017185464501381
s1-A-T-30-Down-9-A1-4.png,1,1,0.014313649386167526
s1-A-T-30-Down-9-A1-5.png,1,1,0.05992458760738373
s1-A-T-30-Down-9-A1-6.png,1,1,0.01589042693376541
s1-A-T-30-Down-9-A1-7.png,1,1,0.0178745798766613
s1-A-T-30-Down-9-A1-8.png,1,1,0.021503515541553497
s1-A-T-30-Up-10-A1-0.png,1,1,0.017041470855474472
s1-A-T-30-Up-10-A1-1.png,1,1,0.03218658268451691
s1-A-T-30-Up-10-A1-2.png,1,1,0.02174907922744751
s1-A-T-30-Up-10-A1-3.png,1,1,0.05835419148206711
s1-A-T-30-Up-10-A1-4.png,1,1,0.02570457011461258
s1-A-T-30-Up-10-A1-5.png,1,1,0.02194250375032425
s1-A-T-30-Up-10-A1-6.png,1,1,0.016614895313978195
s1-A-T-30-Up-10-A1-7.png,1,1,0.017713000997900963
s1-A-T-30-Up-10-A1-8.png,1,1,0.02834608592092991
s1-A-T-30-Up-11-A1-0.png,1,1,0.02242773398756981
s1-A-T-30-Up-11-A1-1.png,1,1,0.2751825153827667
s1-A-T-30-Up-11-A1-2.png,1,1,0.03743362054228783
s1-A-T-30-Up-11-A1-3.png,1,1,0.2195073664188385
s1-A-T-30-Up-11-A1-4.png,1,1,0.3728766143321991
s1-A-T-30-Up-11-A1-5.png,1,1,0.012708339840173721
s1-A-T-30-Up-11-A1-6.png,1,1,0.015463436022400856
s1-A-T-30-Up-11-A1-7.png,1,1,0.017450664192438126
s1-A-T-30-Up-11-A1-8.png,1,1,0.03177623450756073
s1-A-T-30-Up-12-A1-0.png,1,1,0.019439678639173508
s1-A-T-30-Up-12-A1-1.png,1,1,0.03462204709649086
s1-A-T-30-Up-12-A1-2.png,1,1,0.022676868364214897
s1-A-T-30-Up-12-A1-3.png,1,1,0.032426513731479645
s1-A-T-30-Up-12-A1-4.png,1,1,0.06383039057254791
s1-A-T-30-Up-12-A1-5.png,1,1,0.02050766348838806
s1-A-T-30-Up-12-A1-6.png,1,1,0.014008992351591587
s1-A-T-30-Up-12-A1-7.png,1,1,0.017266135662794113
s1-A-T-30-Up-12-A1-8.png,1,1,0.03227337449789047
s1-A-T-30-Up-13-A1-0.png,1,1,0.021827977150678635
s1-A-T-30-Up-13-A1-1.png,1,1,0.15229648351669312
s1-A-T-30-Up-13-A1-2.png,1,1,0.14551329612731934
s1-A-T-30-Up-13-A1-3.png,1,1,0.03808284550905228
s1-A-T-30-Up-13-A1-4.png,1,1,0.03199468553066254
s1-A-T-30-Up-13-A1-5.png,1,1,0.015965338796377182
s1-A-T-30-Up-13-A1-6.png,1,1,0.015859171748161316
s1-A-T-30-Up-13-A1-7.png,1,1,0.017665553838014603
s1-A-T-30-Up-13-A1-8.png,1,1,0.030653543770313263
s1-A-T-30-Up-14-A1-0.png,1,1,0.019700240343809128
s1-A-T-30-Up-14-A1-1.png,1,1,0.01568266749382019
s1-A-T-30-Up-14-A1-2.png,1,1,0.028852742165327072
s1-A-T-30-Up-14-A1-3.png,1,1,0.3204830586910248
s1-A-T-30-Up-14-A1-4.png,1,1,0.02021734230220318
s1-A-T-30-Up-14-A1-5.png,1,1,0.018280424177646637
s1-A-T-30-Up-14-A1-6.png,1,1,0.015074597671627998
s1-A-T-30-Up-14-A1-7.png,1,1,0.017901912331581116
s1-A-T-30-Up-14-A1-8.png,1,1,0.026925208047032356
s1-A-T-30-Up-15-A1-0.png,1,1,0.020678816363215446
s1-A-T-30-Up-15-A1-1.png,1,1,0.3754388988018036
s1-A-T-30-Up-15-A1-2.png,1,1,0.17997777462005615
s1-A-T-30-Up-15-A1-3.png,1,1,0.034852080047130585
s1-A-T-30-Up-15-A1-4.png,1,1,0.022825811058282852
s1-A-T-30-Up-15-A1-5.png,1,1,0.014595145359635353
s1-A-T-30-Up-15-A1-6.png,1,1,0.015300741419196129
s1-A-T-30-Up-15-A1-7.png,1,1,0.018360698595643044
s1-A-T-30-Up-15-A1-8.png,1,1,0.023961342871189117
s1-A-T-30-Up-16-A1-0.png,1,1,0.01644296944141388
s1-A-T-30-Up-16-A1-1.png,1,1,0.014302883297204971
s1-A-T-30-Up-16-A1-2.png,1,1,0.01439136266708374
s1-A-T-30-Up-16-A1-3.png,1,1,0.018567148596048355
s1-A-T-30-Up-16-A1-4.png,1,1,0.016070861369371414
s1-A-T-30-Up-16-A1-5.png,1,1,0.013259087689220905
s1-A-T-30-Up-16-A1-6.png,1,1,0.01666581816971302
s1-A-T-30-Up-16-A1-7.png,1,1,0.01816880702972412
s1-A-T-30-Up-16-A1-8.png,1,1,0.022828228771686554
s1-A-T-30-Up-17-A1-0.png,1,1,0.019268158823251724
s1-A-T-30-Up-17-A1-1.png,1,1,0.018961599096655846
s1-A-T-30-Up-17-A1-2.png,1,1,0.02471722476184368
s1-A-T-30-Up-17-A1-3.png,1,1,0.8661226034164429
s1-A-T-30-Up-17-A1-4.png,1,1,0.02496112510561943
s1-A-T-30-Up-17-A1-5.png,1,1,0.01370016299188137
s1-A-T-30-Up-17-A1-6.png,1,1,0.015247918665409088
s1-A-T-30-Up-17-A1-7.png,1,1,0.018524860963225365
s1-A-T-30-Up-17-A1-8.png,1,1,0.022965608164668083
s1-A-T-30-Up-18-A1-0.png,1,1,0.01906869187951088
s1-A-T-30-Up-18-A1-1.png,1,1,0.03703365474939346
s1-A-T-30-Up-18-A1-2.png,1,1,0.032004162669181824
s1-A-T-30-Up-18-A1-3.png,1,1,0.3350871801376343
s1-A-T-30-Up-18-A1-4.png,1,1,0.03797616437077522
s1-A-T-30-Up-18-A1-5.png,1,1,0.021491432562470436
s1-A-T-30-Up-18-A1-6.png,1,1,0.017046723514795303
s1-A-T-30-Up-18-A1-7.png,1,1,0.02025282382965088
s1-A-T-30-Up-18-A1-8.png,1,1,0.023175910115242004
s1-A-T-30-Up-19-A1-0.png,1,1,0.01862151548266411
s1-A-T-30-Up-19-A1-1.png,1,1,0.03048674203455448
s1-A-T-30-Up-19-A1-2.png,1,1,0.035236962139606476
s1-A-T-30-Up-19-A1-3.png,1,1,0.040915198624134064
s1-A-T-30-Up-19-A1-4.png,1,1,0.034982893615961075
test18-A-T-18-10-Down-1-A1-0.png,18,0,0.056618832051754
test18-A-T-18-10-Down-1-A1-1.png,18,0,0.05521216243505478
test18-A-T-18-10-Down-1-A1-10.png,18,0,0.049410730600357056
test18-A-T-18-10-Down-1-A1-11.png,18,0,0.06425401568412781
test18-A-T-18-10-Down-1-A1-12.png,18,0,0.040153928101062775
test18-A-T-18-10-Down-1-A1-13.png,18,0,0.057055648416280746
test18-A-T-18-10-Down-1-A1-14.png,18,0,0.043617211282253265
test18-A-T-18-10-Down-1-A1-15.png,18,0,0.052387386560440063
test18-A-T-18-10-Down-1-A1-16.png,18,0,0.0386284701526165
test18-A-T-18-10-Down-1-A1-17.png,18,0,0.04544268175959587
test18-A-T-18-10-Down-1-A1-18.png,18,0,0.050335437059402466
test18-A-T-18-10-Down-1-A1-19.png,18,0,0.0346265584230423
test18-A-T-18-10-Down-1-A1-2.png,18,0,0.03797132521867752
test18-A-T-18-10-Down-1-A1-20.png,18,0,0.04375370219349861
test18-A-T-18-10-Down-1-A1-21.png,18,0,0.031184405088424683
test18-A-T-18-10-Down-1-A1-22.png,18,0,0.03091823309659958
test18-A-T-18-10-Down-1-A1-23.png,18,0,0.045415427535772324
test18-A-T-18-10-Down-1-A1-24.png,18,0,0.050213903188705444
test18-A-T-18-10-Down-1-A1-25.png,18,0,0.025192342698574066
test18-A-T-18-10-Down-1-A1-26.png,18,0,0.041637737303972244
test18-A-T-18-10-Down-1-A1-27.png,18,0,0.025879427790641785
test18-A-T-18-10-Down-1-A1-28.png,18,0,0.03676505386829376
test18-A-T-18-10-Down-1-A1-29.png,18,0,0.04877721145749092
test18-A-T-18-10-Down-1-A1-3.png,18,0,0.02976725623011589
test18-A-T-18-10-Down-1-A1-30.png,18,0,0.05616467446088791
test18-A-T-18-10-Down-1-A1-31.png,18,0,0.04851897060871124
test18-A-T-18-10-Down-1-A1-32.png,18,0,0.03709882125258446
test18-A-T-18-10-Down-1-A1-33.png,18,0,0.044915180653333664
test18-A-T-18-10-Down-1-A1-34.png,18,0,0.043870843946933746
test18-A-T-18-10-Down-1-A1-35.png,18,0,0.051236994564533234
test18-A-T-18-10-Down-1-A1-36.png,18,0,0.04998672008514404
test18-A-T-18-10-Down-1-A1-4.png,18,0,0.027394508942961693
test18-A-T-18-10-Down-1-A1-5.png,18,0,0.02138322964310646
test18-A-T-18-10-Down-1-A1-6.png,18,0,0.029691923409700394
test18-A-T-18-10-Down-1-A1-7.png,18,0,0.030904076993465424
test18-A-T-18-10-Down-1-A1-8.png,18,0,0.03427651524543762
test18-A-T-18-10-Down-1-A1-9.png,18,0,0.023938864469528198
test18-A-T-18-10-Down-1-A2-0.png,18,0,0.05730144679546356
test18-A-T-18-10-Down-1-A2-1.png,18,0,0.05857747420668602
test18-A-T-18-10-Down-1-A2-10.png,18,0,0.05053357779979706
test18-A-T-18-10-Down-1-A2-11.png,18,0,0.06427469104528427
test18-A-T-18-10-Down-1-A2-12.png,18,0,0.040157146751880646
test18-A-T-18-10-Down-1-A2-13.png,18,0,0.05731441453099251
test18-A-T-18-10-Down-1-A2-14.png,18,0,0.04362577199935913
test18-A-T-18-10-Down-1-A2-15.png,18,0,0.05211246758699417
test18-A-T-18-10-Down-1-A2-16.png,18,0,0.03844420984387398
test18-A-T-18-10-Down-1-A2-17.png,18,0,0.04552870988845825
test18-A-T-18-10-Down-1-A2-18.png,18,0,0.05042438954114914
test18-A-T-18-10-Down-1-A2-19.png,18,0,0.03477562218904495
test18-A-T-18-10-Down-1-A2-2.png,18,0,0.03727494925260544
test18-A-T-18-10-Down-1-A2-20.png,18,0,0.04368457943201065
test18-A-T-18-10-Down-1-A2-21.png,18,0,0.0313592404127121
test18-A-T-18-10-Down-1-A2-22.png,18,0,0.031017020344734192
test18-A-T-18-10-Down-1-A2-23.png,18,0,0.04489510878920555
test18-A-T-18-10-Down-1-A2-24.png,18,0,0.05030651390552521
test18-A-T-18-10-Down-1-A2-25.png,18,0,0.02535208873450756
test18-A-T-18-10-Down-1-A2-26.png,18,0,0.04171355813741684
test18-A-T-18-10-Down-1-A2-27.png,18,0,0.02576063759624958
test18-A-T-18-10-Down-1-A2-28.png,18,0,0.03706202656030655
test18-A-T-18-10-Down-1-A2-29.png,18,0,0.04852193593978882
test18-A-T-18-10-Down-1-A2-3.png,18,0,0.029795540496706963
test18-A-T-18-10-Down-1-A2-30.png,18,0,0.05628304183483124
test18-A-T-18-10-Down-1-A2-31.png,18,0,0.04873296618461609
test18-A-T-18-10-Down-1-A2-32.png,18,0,0.03714440017938614
test18-A-T-18-10-Down-1-A2-33.png,18,0,0.04519270360469818
test18-A-T-18-10-Down-1-A2-34.png,18,0,0.044138193130493164
test18-A-T-18-10-Down-1-A2-35.png,18,0,0.05151687562465668
test18-A-T-18-10-Down-1-A2-36.png,18,0,0.050108857452869415
test18-A-T-18-10-Down-1-A2-4.png,18,0,0.027167541906237602
test18-A-T-18-10-Down-1-A2-5.png,18,0,0.021407146006822586
test18-A-T-18-10-Down-1-A2-6.png,18,0,0.02917763590812683
test18-A-T-18-10-Down-1-A2-7.png,18,0,0.03108617663383484
test18-A-T-18-10-Down-1-A2-8.png,18,0,0.03502916544675827
test18-A-T-18-10-Down-1-A2-9.png,18,0,0.024001529440283775
test18-A-T-18-10-Down-1-A3-0.png,18,0,0.05727290362119675
test18-A-T-18-10-Down-1-A3-1.png,18,0,0.05763912945985794
test18-A-T-18-10-Down-1-A3-10.png,18,0,0.04950109124183655
test18-A-T-18-10-Down-1-A3-11.png,18,0,0.06486231088638306
test18-A-T-18-10-Down-1-A3-12.png,18,0,0.04041244834661484
test18-A-T-18-10-Down-1-A3-13.png,18,0,0.05738798901438713
test18-A-T-18-10-Down-1-A3-14.png,18,0,0.04377630725502968
test18-A-T-18-10-Down-1-A3-15.png,18,0,0.05208306014537811
test18-A-T-18-10-Down-1-A3-16.png,18,0,0.03870764374732971
test18-A-T-18-10-Down-1-A3-17.png,18,0,0.045229729264974594
test18-A-T-18-10-Down-1-A3-18.png,18,0,0.05002620816230774
test18-A-T-18-10-Down-1-A3-19.png,18,0,0.034485310316085815
test18-A-T-18-10-Down-1-A3-2.png,18,0,0.037612468004226685
test18-A-T-18-10-Down-1-A3-20.png,18,0,0.04338665306568146
test18-A-T-18-10-Down-1-A3-21.png,18,0,0.03125457093119621
test18-A-T-18-10-Down-1-A3-22.png,18,0,0.0310981422662735
test18-A-T-18-10-Down-1-A3-23.png,18,0,0.04522952064871788
test18-A-T-18-10-Down-1-A3-24.png,18,0,0.05059090629220009
test18-A-T-18-10-Down-1-A3-25.png,18,0,0.025449365377426147
test18-A-T-18-10-Down-1-A3-26.png,18,0,0.04154390096664429
test18-A-T-18-10-Down-1-A3-27.png,18,0,0.02594921365380287
test18-A-T-18-10-Down-1-A3-28.png,18,0,0.03674386814236641
test18-A-T-18-10-Down-1-A3-29.png,18,0,0.049239665269851685
test18-A-T-18-10-Down-1-A3-3.png,18,0,0.02977956086397171
test18-A-T-18-10-Down-1-A3-30.png,18,0,0.05623335391283035
test18-A-T-18-10-Down-1-A3-31.png,18,0,0.04906482994556427
test18-A-T-18-10-Down-1-A3-32.png,18,0,0.037166107445955276
test18-A-T-18-10-Down-1-A3-33.png,18,0,0.04525486379861832
test18-A-T-18-10-Down-1-A3-34.png,18,0,0.04380296915769577
test18-A-T-18-10-Down-1-A3-35.png,18,0,0.050926290452480316
test18-A-T-18-10-Down-1-A3-36.png,18,0,0.05017281323671341
test18-A-T-18-10-Down-1-A3-4.png,18,0,0.02709236741065979
test18-A-T-18-10-Down-1-A3-5.png,18,0,0.02165129967033863
test18-A-T-18-10-Down-1-A3-6.png,18,0,0.02957889437675476
test18-A-T-18-10-Down-1-A3-7.png,18,0,0.030729737132787704
test18-A-T-18-10-Down-1-A3-8.png,18,0,0.03452669456601143
test18-A-T-18-10-Down-1-A3-9.png,18,0,0.02405237965285778
test18-A-T-18-10-Down-1-A4-0.png,18,0,0.05769043788313866
test18-A-T-18-10-Down-1-A4-1.png,18,0,0.05837634578347206
test18-A-T-18-10-Down-1-A4-10.png,18,0,0.04962419345974922
test18-A-T-18-10-Down-1-A4-11.png,18,0,0.06474748253822327
test18-A-T-18-10-Down-1-A4-12.png,18,0,0.04028388112783432
test18-A-T-18-10-Down-1-A4-13.png,18,0,0.05738923326134682
test18-A-T-18-10-Down-1-A4-14.png,18,0,0.04342786222696304
test18-A-T-18-10-Down-1-A4-15.png,18,0,0.052223995327949524
test18-A-T-18-10-Down-1-A4-16.png,18,0,0.03862486779689789
test18-A-T-18-10-Down-1-A4-17.png,18,0,0.045337870717048645
test18-A-T-18-10-Down-1-A4-18.png,18,0,0.050345201045274734
test18-A-T-18-10-Down-1-A4-19.png,18,0,0.03459008038043976
test18-A-T-18-10-Down-1-A4-2.png,18,0,0.03765060752630234
test18-A-T-18-10-Down-1-A4-20.png,18,0,0.04374800622463226
test18-A-T-18-10-Down-1-A4-21.png,18,0,0.03120812401175499
test18-A-T-18-10-Down-1-A4-22.png,18,0,0.030710870400071144
test18-A-T-18-10-Down-1-A4-23.png,18,0,0.04548877105116844
test18-A-T-18-10-Down-1-A4-24.png,18,0,0.05025634914636612
test18-A-T-18-10-Down-1-A4-25.png,18,0,0.02522594854235649
test18-A-T-18-10-Down-1-A4-26.png,18,0,0.04126409441232681
test18-A-T-18-10-Down-1-A4-27.png,18,0,0.025762353092432022
test18-A-T-18-10-Down-1-A4-28.png,18,0,0.03676554188132286
test18-A-T-18-10-Down-1-A4-29.png,18,0,0.04847070574760437
test18-A-T-18-10-Down-1-A4-3.png,18,0,0.02957873046398163
test18-A-T-18-10-Down-1-A4-30.png,18,0,0.0560607984662056
test18-A-T-18-10-Down-1-A4-31.png,18,0,0.04866787791252136
test18-A-T-18-10-Down-1-A4-32.png,18,0,0.03743736818432808
test18-A-T-18-10-Down-1-A4-33.png,18,0,0.04523361474275589
test18-A-T-18-10-Down-1-A4-34.png,18,0,0.04296039044857025
test18-A-T-18-10-Down-1-A4-35.png,18,0,0.05121983587741852
test18-A-T-18-10-Down-1-A4-36.png,18,0,0.04997784644365311
test18-A-T-18-10-Down-1-A4-4.png,18,0,0.027007702738046646
test18-A-T-18-10-Down-1-A4-5.png,18,0,0.021454699337482452
test18-A-T-18-10-Down-1-A4-6.png,18,0,0.02924950420856476
test18-A-T-18-10-Down-1-A4-7.png,18,0,0.030755285173654556
test18-A-T-18-10-Down-1-A4-8.png,18,0,0.03477746620774269
test18-A-T-18-10-Down-1-A4-9.png,18,0,0.024161282926797867
test18-A-T-18-10-Down-1-A5-0.png,18,0,0.057743772864341736
test18-A-T-18-10-Down-1-A5-1.png,18,0,0.05691498890519142
test18-A-T-18-10-Down-1-A5-10.png,18,0,0.04999846965074539
test18-A-T-18-10-Down-1-A5-11.png,18,0,0.06426464021205902
test18-A-T-18-10-Down-1-A5-12.png,18,0,0.040127865970134735
test18-A-T-18-10-Down-1-A5-13.png,18,0,0.05731840059161186
test18-A-T-18-10-Down-1-A5-14.png,18,0,0.04409174621105194
test18-A-T-18-10-Down-1-A5-15.png,18,0,0.05244162306189537
test18-A-T-18-10-Down-1-A5-16.png,18,0,0.03865621238946915
test18-A-T-18-10-Down-1-A5-17.png,18,0,0.04545872285962105
test18-A-T-18-10-Down-1-A5-18.png,18,0,0.05020391196012497
test18-A-T-18-10-Down-1-A5-19.png,18,0,0.03468962013721466
test18-A-T-18-10-Down-1-A5-2.png,18,0,0.03776075318455696
test18-A-T-18-10-Down-1-A5-20.png,18,0,0.04364684596657753
test18-A-T-18-10-Down-1-A5-21.png,18,0,0.031032264232635498
test18-A-T-18-10-Down-1-A5-22.png,18,0,0.030948810279369354
test18-A-T-18-10-Down-1-A5-23.png,18,0,0.045739978551864624
test18-A-T-18-10-Down-1-A5-24.png,18,0,0.0502743273973465
test18-A-T-18-10-Down-1-A5-25.png,18,0,0.025301698595285416
test18-A-T-18-10-Down-1-A5-26.png,18,0,0.04167362302541733
test18-A-T-18-10-Down-1-A5-27.png,18,0,0.026038767769932747
test18-A-T-18-10-Down-1-A5-28.png,18,0,0.03689785674214363
test18-A-T-18-10-Down-1-A5-29.png,18,0,0.04908914119005203
test18-A-T-18-10-Down-1-A5-3.png,18,0,0.029289860278367996
test18-A-T-18-10-Down-1-A5-30.png,18,0,0.056124813854694366
test18-A-T-18-10-Down-1-A5-31.png,18,0,0.04883664846420288
test18-A-T-18-10-Down-1-A5-32.png,18,0,0.03766859322786331
test18-A-T-18-10-Down-1-A5-33.png,18,0,0.045193083584308624
test18-A-T-18-10-Down-1-A5-34.png,18,0,0.04403456673026085
test18-A-T-18-10-Down-1-A5-35.png,18,0,0.05122232437133789
test18-A-T-18-10-Down-1-A5-36.png,18,0,0.050373002886772156
test18-A-T-18-10-Down-1-A5-4.png,18,0,0.027263907715678215
test18-A-T-18-10-Down-1-A5-5.png,18,0,0.02156401053071022
test18-A-T-18-10-Down-1-A5-6.png,18,0,0.0292263962328434
test18-A-T-18-10-Down-1-A5-7.png,18,0,0.030773304402828217
test18-A-T-18-10-Down-1-A5-8.png,18,0,0.03511738032102585
test18-A-T-18-10-Down-1-A5-9.png,18,0,0.02395721524953842
test18-A-T-18-10-Down-2-A1-0.png,18,0,0.049637265503406525
test18-A-T-18-10-Down-2-A1-1.png,18,0,0.05451943725347519
test18-A-T-18-10-Down-2-A1-10.png,18,0,0.034853093326091766
test18-A-T-18-10-Down-2-A1-11.png,18,0,0.05095626413822174
test18-A-T-18-10-Down-2-A1-12.png,18,0,0.04291236028075218
test18-A-T-18-10-Down-2-A1-13.png,18,0,0.04643378406763077
test18-A-T-18-10-Down-2-A1-14.png,18,0,0.04852155223488808
test18-A-T-18-10-Down-2-A1-15.png,18,0,0.05693431571125984
test18-A-T-18-10-Down-2-A1-16.png,18,0,0.032344985753297806
test18-A-T-18-10-Down-2-A1-17.png,18,0,0.03299682214856148
test18-A-T-18-10-Down-2-A1-18.png,18,0,0.05046508088707924
test18-A-T-18-10-Down-2-A1-19.png,18,0,0.04438459128141403
test18-A-T-18-10-Down-2-A1-2.png,18,0,0.03378881886601448
test18-A-T-18-10-Down-2-A1-20.png,18,0,0.03182069957256317
test18-A-T-18-10-Down-2-A1-21.png,18,0,0.027763573452830315
test18-A-T-18-10-Down-2-A1-22.png,18,0,0.04235786572098732
test18-A-T-18-10-Down-2-A1-23.png,18,0,0.034089695662260056
test18-A-T-18-10-Down-2-A1-24.png,18,0,0.026552390307188034
test18-A-T-18-10-Down-2-A1-25.png,18,0,0.04766117408871651
test18-A-T-18-10-Down-2-A1-26.png,18,0,0.03713413327932358
test18-A-T-18-10-Down-2-A1-27.png,18,0,0.04664856567978859
test18-A-T-18-10-Down-2-A1-28.png,18,0,0.07022547721862793
test18-A-T-18-10-Down-2-A1-29.png,18,0,0.03152361512184143
test18-A-T-18-10-Down-2-A1-3.png,18,0,0.02749229222536087
test18-A-T-18-10-Down-2-A1-30.png,18,0,0.05562131851911545
test18-A-T-18-10-Down-2-A1-31.png,18,0,0.054170869290828705
test18-A-T-18-10-Down-2-A1-32.png,18,0,0.02900690957903862
test18-A-T-18-10-Down-2-A1-33.png,18,0,0.03475925326347351
test18-A-T-18-10-Down-2-A1-34.png,18,0,0.05177050083875656
test18-A-T-18-10-Down-2-A1-35.png,18,0,0.042709920555353165
test18-A-T-18-10-Down-2-A1-36.png,18,0,0.04286365956068039
test18-A-T-18-10-Down-2-A1-4.png,18,0,0.02512446418404579
test18-A-T-18-10-Down-2-A1-5.png,18,0,0.0321713350713253
test18-A-T-18-10-Down-2-A1-6.png,18,0,0.04188014566898346
test18-A-T-18-10-Down-2-A1-7.png,18,0,0.020839357748627663
test18-A-T-18-10-Down-2-A1-8.png,18,0,0.043727971613407135
test18-A-T-18-10-Down-2-A1-9.png,18,0,0.029643148183822632
test18-A-T-18-10-Down-2-A2-0.png,18,0,0.04965154826641083
test18-A-T-18-10-Down-2-A2-1.png,18,0,0.05397976562380791
test18-A-T-18-10-Down-2-A2-10.png,18,0,0.03459516912698746
test18-A-T-18-10-Down-2-A2-11.png,18,0,0.05115525424480438
test18-A-T-18-10-Down-2-A2-12.png,18,0,0.042307451367378235
test18-A-T-18-10-Down-2-A2-13.png,18,0,0.04627867043018341
test18-A-T-18-10-Down-2-A2-14.png,18,0,0.04857564717531204
test18-A-T-18-10-Down-2-A2-15.png,18,0,0.05690037086606026
test18-A-T-18-10-Down-2-A2-16.png,18,0,0.03234377130866051
test18-A-T-18-10-Down-2-A2-17.png,18,0,0.03291262686252594
test18-A-T-18-10-Down-2-A2-18.png,18,0,0.04932146519422531
test18-A-T-18-10-Down-2-A2-19.png,18,0,0.04424974322319031
test18-A-T-18-10-Down-2-A2-2.png,18,0,0.0335548110306263
test18-A-T-18-10-Down-2-A2-20.png,18,0,0.031792860478162766
test18-A-T-18-10-Down-2-A2-21.png,18,0,0.027876518666744232
test18-A-T-18-10-Down-2-A2-22.png,18,0,0.04293731600046158
test18-A-T-18-10-Down-2-A2-23.png,18,0,0.03398974984884262
test18-A-T-18-10-Down-2-A2-24.png,18,0,0.026537783443927765
test18-A-T-18-10-Down-2-A2-25.png,18,0,0.04726213961839676
test18-A-T-18-10-Down-2-A2-26.png,18,0,0.03704904764890671
test18-A-T-18-10-Down-2-A2-27.png,18,0,0.04636814072728157
test18-A-T-18-10-Down-2-A2-28.png,18,0,0.06940063834190369
test18-A-T-18-10-Down-2-A2-29.png,18,0,0.03213144466280937
test18-A-T-18-10-Down-2-A2-3.png,18,0,0.02718554064631462
test18-A-T-18-10-Down-2-A2-30.png,18,0,0.05781049281358719
test18-A-T-18-10-Down-2-A2-31.png,18,0,0.05504465103149414
test18-A-T-18-10-Down-2-A2-32.png,18,0,0.02909712865948677
test18-A-T-18-10-Down-2-A2-33.png,18,0,0.034544676542282104
test18-A-T-18-10-Down-2-A2-34.png,18,0,0.051967691630125046
test18-A-T-18-10-Down-2-A2-35.png,18,0,0.042471855878829956
test18-A-T-18-10-Down-2-A2-36.png,18,0,0.04260196536779404
test18-A-T-18-10-Down-2-A2-4.png,18,0,0.025105319917201996
test18-A-T-18-10-Down-2-A2-5.png,18,0,0.032162588089704514
test18-A-T-18-10-Down-2-A2-6.png,18,0,0.04174273833632469
test18-A-T-18-10-Down-2-A2-7.png,18,0,0.021016836166381836
test18-A-T-18-10-Down-2-A2-8.png,18,0,0.043564245104789734
test18-A-T-18-10-Down-2-A2-9.png,18,0,0.029521068558096886
test18-A-T-18-10-Down-2-A3-0.png,18,0,0.04985973611474037
test18-A-T-18-10-Down-2-A3-1.png,18,0,0.05429232120513916
test18-A-T-18-10-Down-2-A3-10.png,18,0,0.03453826159238815
test18-A-T-18-10-Down-2-A3-11.png,18,0,0.05124500393867493
test18-A-T-18-10-Down-2-A3-12.png,18,0,0.041949864476919174
test18-A-T-18-10-Down-2-A3-13.png,18,0,0.04630139470100403
test18-A-T-18-10-Down-2-A3-14.png,18,0,0.048791367560625076
test18-A-T-18-10-Down-2-A3-15.png,18,0,0.05682351812720299
test18-A-T-18-10-Down-2-A3-16.png,18,0,0.032235562801361084
test18-A-T-18-10-Down-2-A3-17.png,18,0,0.03310201317071915
test18-A-T-18-10-Down-2-A3-18.png,18,0,0.050872206687927246
test18-A-T-18-10-Down-2-A3-19.png,18,0,0.044483888894319534
test18-A-T-18-10-Down-2-A3-2.png,18,0,0.0334978885948658
test18-A-T-18-10-Down-2-A3-20.png,18,0,0.03154439851641655
test18-A-T-18-10-Down-2-A3-21.png,18,0,0.027813225984573364
test18-A-T-18-10-Down-2-A3-22.png,18,0,0.042534537613391876
test18-A-T-18-10-Down-2-A3-23.png,18,0,0.03405194357037544
test18-A-T-18-10-Down-2-A3-24.png,18,0,0.026623480021953583
test18-A-T-18-10-Down-2-A3-25.png,18,0,0.04757634922862053
test18-A-T-18-10-Down-2-A3-26.png,18,0,0.03701285645365715
test18-A-T-18-10-Down-2-A3-27.png,18,0,0.04623508080840111
test18-A-T-18-10-Down-2-A3-28.png,18,0,0.06982122361660004
test18-A-T-18-10-Down-2-A3-29.png,18,0,0.031603775918483734
test18-A-T-18-10-Down-2-A3-3.png,18,0,0.02713005244731903
test18-A-T-18-10-Down-2-A3-30.png,18,0,0.05842059850692749
test18-A-T-18-10-Down-2-A3-31.png,18,0,0.05515260621905327
test18-A-T-18-10-Down-2-A3-32.png,18,0,0.029031259939074516
test18-A-T-18-10-Down-2-A3-33.png,18,0,0.03464503958821297
test18-A-T-18-10-Down-2-A3-34.png,18,0,0.05123654007911682
test18-A-T-18-10-Down-2-A3-35.png,18,0,0.042523350566625595
test18-A-T-18-10-Down-2-A3-36.png,18,0,0.042388468980789185
test18-A-T-18-10-Down-2-A3-4.png,18,0,0.02529267594218254
test18-A-T-18-10-Down-2-A3-5.png,18,0,0.03247737139463425
test18-A-T-18-10-Down-2-A3-6.png,18,0,0.041243597865104675
test18-A-T-18-10-Down-2-A3-7.png,18,0,0.021008478477597237
test18-A-T-18-10-Down-2-A3-8.png,18,0,0.042902588844299316
test18-A-T-18-10-Down-2-A3-9.png,18,0,0.030236797407269478
test18-A-T-18-10-Down-2-A4-0.png,18,0,0.04934003949165344
test18-A-T-18-10-Down-2-A4-1.png,18,0,0.054213572293519974
test18-A-T-18-10-Down-2-A4-10.png,18,0,0.034790992736816406
test18-A-T-18-10-Down-2-A4-11.png,18,0,0.051403190940618515
test18-A-T-18-10-Down-2-A4-12.png,18,0,0.04082358255982399
test18-A-T-18-10-Down-2-A4-13.png,18,0,0.04632861912250519
test18-A-T-18-10-Down-2-A4-14.png,18,0,0.04867728054523468
test18-A-T-18-10-Down-2-A4-15.png,18,0,0.05691475793719292
test18-A-T-18-10-Down-2-A4-16.png,18,0,0.032281097024679184
test18-A-T-18-10-Down-2-A4-17.png,18,0,0.03289610147476196
test18-A-T-18-10-Down-2-A4-18.png,18,0,0.051341086626052856
test18-A-T-18-10-Down-2-A4-19.png,18,0,0.04422108456492424
test18-A-T-18-10-Down-2-A4-2.png,18,0,0.03400035947561264
test18-A-T-18-10-Down-2-A4-20.png,18,0,0.03180679306387901
test18-A-T-18-10-Down-2-A4-21.png,18,0,0.027976904064416885
test18-A-T-18-10-Down-2-A4-22.png,18,0,0.04277362301945686
test18-A-T-18-10-Down-2-A4-23.png,18,0,0.03395608067512512
test18-A-T-18-10-Down-2-A4-24.png,18,0,0.02657780423760414
test18-A-T-18-10-Down-2-A4-25.png,18,0,0.04755949229001999
test18-A-T-18-10-Down-2-A4-26.png,18,0,0.037429116666316986
test18-A-T-18-10-Down-2-A4-27.png,18,0,0.04652402549982071
test18-A-T-18-10-Down-2-A4-28.png,18,0,0.07001794129610062
test18-A-T-18-10-Down-2-A4-29.png,18,0,0.032254453748464584
test18-A-T-18-10-Down-2-A4-3.png,18,0,0.02747330814599991
test18-A-T-18-10-Down-2-A4-30.png,18,0,0.05693048611283302
test18-A-T-18-10-Down-2-A4-31.png,18,0,0.055042922496795654
test18-A-T-18-10-Down-2-A4-32.png,18,0,0.02890697680413723
test18-A-T-18-10-Down-2-A4-33.png,18,0,0.03476214408874512
test18-A-T-18-10-Down-2-A4-34.png,18,0,0.05175185948610306
test18-A-T-18-10-Down-2-A4-35.png,18,0,0.04333135113120079
test18-A-T-18-10-Down-2-A4-36.png,18,0,0.04228084534406662
test18-A-T-18-10-Down-2-A4-4.png,18,0,0.02508700266480446
test18-A-T-18-10-Down-2-A4-5.png,18,0,0.03304971754550934
test18-A-T-18-10-Down-2-A4-6.png,18,0,0.041528888046741486
test18-A-T-18-10-Down-2-A4-7.png,18,0,0.020635653287172318
test18-A-T-18-10-Down-2-A4-8.png,18,0,0.0429273396730423
test18-A-T-18-10-Down-2-A4-9.png,18,0,0.029940873384475708
test18-A-T-18-10-Down-2-A5-0.png,18,0,0.04939569532871246
test18-A-T-18-10-Down-2-A5-1.png,18,0,0.054089728742837906
test18-A-T-18-10-Down-2-A5-10.png,18,0,0.03490950167179108
test18-A-T-18-10-Down-2-A5-11.png,18,0,0.051133524626493454
test18-A-T-18-10-Down-2-A5-12.png,18,0,0.0419892817735672
test18-A-T-18-10-Down-2-A5-13.png,18,0,0.04631616547703743
test18-A-T-18-10-Down-2-A5-14.png,18,0,0.04870570823550224
test18-A-T-18-10-Down-2-A5-15.png,18,0,0.056992195546627045
test18-A-T-18-10-Down-2-A5-16.png,18,0,0.032328762114048004
test18-A-T-18-10-Down-2-A5-17.png,18,0,0.03266435116529465
test18-A-T-18-10-Down-2-A5-18.png,18,0,0.0512927770614624
test18-A-T-18-10-Down-2-A5-19.png,18,0,0.04434164986014366
test18-A-T-18-10-Down-2-A5-2.png,18,0,0.033393021672964096
test18-A-T-18-10-Down-2-A5-20.png,18,0,0.031646646559238434
test18-A-T-18-10-Down-2-A5-21.png,18,0,0.02771102264523506
test18-A-T-18-10-Down-2-A5-22.png,18,0,0.04262389615178108
test18-A-T-18-10-Down-2-A5-23.png,18,0,0.03408605232834816
test18-A-T-18-10-Down-2-A5-24.png,18,0,0.026431024074554443
test18-A-T-18-10-Down-2-A5-25.png,18,0,0.04726910591125488
test18-A-T-18-10-Down-2-A5-26.png,18,0,0.03711891546845436
test18-A-T-18-10-Down-2-A5-27.png,18,0,0.04694894701242447
test18-A-T-18-10-Down-2-A5-28.png,18,0,0.07120522111654282
test18-A-T-18-10-Down-2-A5-29.png,18,0,0.03175158053636551
test18-A-T-18-10-Down-2-A5-3.png,18,0,0.027519751340150833
test18-A-T-18-10-Down-2-A5-30.png,18,0,0.05897579714655876
test18-A-T-18-10-Down-2-A5-31.png,18,0,0.05520268902182579
test18-A-T-18-10-Down-2-A5-32.png,18,0,0.02904456853866577
test18-A-T-18-10-Down-2-A5-33.png,18,0,0.03395901620388031
test18-A-T-18-10-Down-2-A5-34.png,18,0,0.05138012021780014
test18-A-T-18-10-Down-2-A5-35.png,18,0,0.04272977262735367
test18-A-T-18-10-Down-2-A5-36.png,18,0,0.04263080656528473
test18-A-T-18-10-Down-2-A5-4.png,18,0,0.025220874696969986
test18-A-T-18-10-Down-2-A5-5.png,18,0,0.032454147934913635
test18-A-T-18-10-Down-2-A5-6.png,18,0,0.04178345948457718
test18-A-T-18-10-Down-2-A5-7.png,18,0,0.02086162567138672
test18-A-T-18-10-Down-2-A5-8.png,18,0,0.043984781950712204
test18-A-T-18-10-Down-2-A5-9.png,18,0,0.029781507328152657
test18-A-T-18-10-Down-3-A1-0.png,18,0,0.0653625875711441
test18-A-T-18-10-Down-3-A1-1.png,18,0,0.06533165276050568
test18-A-T-18-10-Down-3-A1-10.png,18,0,0.0355696827173233
test18-A-T-18-10-Down-3-A1-11.png,18,0,0.04737984016537666
test18-A-T-18-10-Down-3-A1-12.png,18,0,0.04470544308423996
test18-A-T-18-10-Down-3-A1-13.png,18,0,0.05847514420747757
test18-A-T-18-10-Down-3-A1-14.png,18,0,0.04249785840511322
test18-A-T-18-10-Down-3-A1-15.png,18,0,0.0454898476600647
test18-A-T-18-10-Down-3-A1-16.png,18,0,0.02696150913834572
test18-A-T-18-10-Down-3-A1-17.png,18,0,0.05035862326622009
test18-A-T-18-10-Down-3-A1-18.png,18,0,0.055134158581495285
test18-A-T-18-10-Down-3-A1-19.png,18,0,0.033397212624549866
test18-A-T-18-10-Down-3-A1-2.png,18,0,0.0279968474060297
test18-A-T-18-10-Down-3-A1-20.png,18,0,0.030168090015649796
test18-A-T-18-10-Down-3-A1-21.png,18,0,0.044553499668836594
test18-A-T-18-10-Down-3-A1-22.png,18,0,0.028482845053076744
test18-A-T-18-10-Down-3-A1-23.png,18,0,0.035283803939819336
test18-A-T-18-10-Down-3-A1-24.png,18,0,0.0490153506398201
test18-A-T-18-10-Down-3-A1-25.png,18,0,0.030305709689855576
test18-A-T-18-10-Down-3-A1-26.png,18,0,0.04660099744796753
test18-A-T-18-10-Down-3-A1-27.png,18,0,0.035302191972732544
test18-A-T-18-10-Down-3-A1-28.png,18,0,0.049028657376766205
test18-A-T-18-10-Down-3-A1-29.png,18,0,0.040457725524902344
test18-A-T-18-10-Down-3-A1-3.png,18,0,0.028596237301826477
test18-A-T-18-10-Down-3-A1-30.png,18,0,0.039495036005973816
test18-A-T-18-10-Down-3-A1-31.png,18,0,0.05962738022208214
test18-A-T-18-10-Down-3-A1-32.png,18,0,0.0451829619705677
test18-A-T-18-10-Down-3-A1-33.png,18,0,0.060857344418764114
test18-A-T-18-10-Down-3-A1-34.png,18,0,0.05687863379716873
test18-A-T-18-10-Down-3-A1-35.png,18,0,0.04698709025979042
test18-A-T-18-10-Down-3-A1-36.png,18,0,0.044745247811079025
test18-A-T-18-10-Down-3-A1-4.png,18,0,0.04125989228487015
test18-A-T-18-10-Down-3-A1-5.png,18,0,0.04794735461473465
test18-A-T-18-10-Down-3-A1-6.png,18,0,0.05205418914556503
test18-A-T-18-10-Down-3-A1-7.png,18,0,0.029821131378412247
test18-A-T-18-10-Down-3-A1-8.png,18,0,0.03215860575437546
test18-A-T-18-10-Down-3-A1-9.png,18,0,0.040061045438051224
test18-A-T-18-10-Down-3-A2-0.png,18,0,0.06489390134811401
test18-A-T-18-10-Down-3-A2-1.png,18,0,0.0650915801525116
test18-A-T-18-10-Down-3-A2-10.png,18,0,0.035775817930698395
test18-A-T-18-10-Down-3-A2-11.png,18,0,0.048247333616018295
test18-A-T-18-10-Down-3-A2-12.png,18,0,0.04488477110862732
test18-A-T-18-10-Down-3-A2-13.png,18,0,0.0590328723192215
test18-A-T-18-10-Down-3-A2-14.png,18,0,0.042208481580019
test18-A-T-18-10-Down-3-A2-15.png,18,0,0.04533063620328903
test18-A-T-18-10-Down-3-A2-16.png,18,0,0.02690044976770878
test18-A-T-18-10-Down-3-A2-17.png,18,0,0.05051998421549797
test18-A-T-18-10-Down-3-A2-18.png,18,0,0.055749788880348206
test18-A-T-18-10-Down-3-A2-19.png,18,0,0.03332870453596115
test18-A-T-18-10-Down-3-A2-2.png,18,0,0.0285615436732769
test18-A-T-18-10-Down-3-A2-20.png,18,0,0.030331898480653763
test18-A-T-18-10-Down-3-A2-21.png,18,0,0.04469411075115204
test18-A-T-18-10-Down-3-A2-22.png,18,0,0.028414832428097725
test18-A-T-18-10-Down-3-A2-23.png,18,0,0.035299815237522125
test18-A-T-18-10-Down-3-A2-24.png,18,0,0.04900404065847397
test18-A-T-18-10-Down-3-A2-25.png,18,0,0.030995385721325874
test18-A-T-18-10-Down-3-A2-26.png,18,0,0.046603403985500336
test18-A-T-18-10-Down-3-A2-27.png,18,0,0.03551892936229706
test18-A-T-18-10-Down-3-A2-28.png,18,0,0.0490293949842453
test18-A-T-18-10-Down-3-A2-29.png,18,0,0.041090503334999084
test18-A-T-18-10-Down-3-A2-3.png,18,0,0.02854529768228531
test18-A-T-18-10-Down-3-A2-30.png,18,0,0.03902680054306984
test18-A-T-18-10-Down-3-A2-31.png,18,0,0.06021617352962494
test18-A-T-18-10-Down-3-A2-32.png,18,0,0.045893844217061996
test18-A-T-18-10-Down-3-A2-33.png,18,0,0.05994817987084389
test18-A-T-18-10-Down-3-A2-34.png,18,0,0.056430187076330185
test18-A-T-18-10-Down-3-A2-35.png,18,0,0.04671112075448036
test18-A-T-18-10-Down-3-A2-36.png,18,0,0.0443776436150074
test18-A-T-18-10-Down-3-A2-4.png,18,0,0.04133453220129013
test18-A-T-18-10-Down-3-A2-5.png,18,0,0.04705815762281418
test18-A-T-18-10-Down-3-A2-6.png,18,0,0.05293367803096771
test18-A-T-18-10-Down-3-A2-7.png,18,0,0.029799392446875572
test18-A-T-18-10-Down-3-A2-8.png,18,0,0.031409136950969696
test18-A-T-18-10-Down-3-A2-9.png,18,0,0.040561605244874954
test18-A-T-18-10-Down-3-A3-0.png,18,0,0.06597900390625
test18-A-T-18-10-Down-3-A3-1.png,18,0,0.06476099044084549
test18-A-T-18-10-Down-3-A3-10.png,18,0,0.035516828298568726
test18-A-T-18-10-Down-3-A3-11.png,18,0,0.047588832676410675
test18-A-T-18-10-Down-3-A3-12.png,18,0,0.044910263270139694
test18-A-T-18-10-Down-3-A3-13.png,18,0,0.058563653379678726
test18-A-T-18-10-Down-3-A3-14.png,18,0,0.042486902326345444
test18-A-T-18-10-Down-3-A3-15.png,18,0,0.045645587146282196
test18-A-T-18-10-Down-3-A3-16.png,18,0,0.026815546676516533
test18-A-T-18-10-Down-3-A3-17.png,18,0,0.050370752811431885
test18-A-T-18-10-Down-3-A3-18.png,18,0,0.055701009929180145
test18-A-T-18-10-Down-3-A3-19.png,18,0,0.03346525877714157
test18-A-T-18-10-Down-3-A3-2.png,18,0,0.02886146306991577
test18-A-T-18-10-Down-3-A3-20.png,18,0,0.030120832845568657
test18-A-T-18-10-Down-3-A3-21.png,18,0,0.04425932466983795
test18-A-T-18-10-Down-3-A3-22.png,18,0,0.02854541316628456
test18-A-T-18-10-Down-3-A3-23.png,18,0,0.03516605496406555
test18-A-T-18-10-Down-3-A3-24.png,18,0,0.04918435961008072
test18-A-T-18-10-Down-3-A3-25.png,18,0,0.030672209337353706
test18-A-T-18-10-Down-3-A3-26.png,18,0,0.0461653470993042
test18-A-T-18-10-Down-3-A3-27.png,18,0,0.03554124757647514
test18-A-T-18-10-Down-3-A3-28.png,18,0,0.04820282757282257
test18-A-T-18-10-Down-3-A3-29.png,18,0,0.04085065796971321
test18-A-T-18-10-Down-3-A3-3.png,18,0,0.02828354574739933
test18-A-T-18-10-Down-3-A3-30.png,18,0,0.03883448243141174
test18-A-T-18-10-Down-3-A3-31.png,18,0,0.06008676439523697
test18-A-T-18-10-Down-3-A3-32.png,18,0,0.0452897772192955
test18-A-T-18-10-Down-3-A3-33.png,18,0,0.06108696758747101
test18-A-T-18-10-Down-3-A3-34.png,18,0,0.05629243701696396
test18-A-T-18-10-Down-3-A3-35.png,18,0,0.04661917686462402
test18-A-T-18-10-Down-3-A3-36.png,18,0,0.04536915570497513
test18-A-T-18-10-Down-3-A3-4.png,18,0,0.04173065349459648
test18-A-T-18-10-Down-3-A3-5.png,18,0,0.047392137348651886
test18-A-T-18-10-Down-3-A3-6.png,18,0,0.051358141005039215
test18-A-T-18-10-Down-3-A3-7.png,18,0,0.02934933826327324
test18-A-T-18-10-Down-3-A3-8.png,18,0,0.031727880239486694
test18-A-T-18-10-Down-3-A3-9.png,18,0,0.04023768752813339
test18-A-T-18-10-Down-3-A4-0.png,18,0,0.06566688418388367
test18-A-T-18-10-Down-3-A4-1.png,18,0,0.06575627624988556
test18-A-T-18-10-Down-3-A4-10.png,18,0,0.03506198152899742
test18-A-T-18-10-Down-3-A4-11.png,18,0,0.04734396934509277
test18-A-T-18-10-Down-3-A4-12.png,18,0,0.04467642679810524
test18-A-T-18-10-Down-3-A4-13.png,18,0,0.05927843227982521
test18-A-T-18-10-Down-3-A4-14.png,18,0,0.04242098331451416
test18-A-T-18-10-Down-3-A4-15.png,18,0,0.04559929296374321
test18-A-T-18-10-Down-3-A4-16.png,18,0,0.026897355914115906
test18-A-T-18-10-Down-3-A4-17.png,18,0,0.05043935030698776
test18-A-T-18-10-Down-3-A4-18.png,18,0,0.05569689720869064
test18-A-T-18-10-Down-3-A4-19.png,18,0,0.033488091081380844
test18-A-T-18-10-Down-3-A4-2.png,18,0,0.02953137271106243
test18-A-T-18-10-Down-3-A4-20.png,18,0,0.03028157725930214
test18-A-T-18-10-Down-3-A4-21.png,18,0,0.0444883331656456
test18-A-T-18-10-Down-3-A4-22.png,18,0,0.02843846008181572
test18-A-T-18-10-Down-3-A4-23.png,18,0,0.035263702273368835
test18-A-T-18-10-Down-3-A4-24.png,18,0,0.04911579191684723
test18-A-T-18-10-Down-3-A4-25.png,18,0,0.030682187527418137
